KW,LO IN TEMP,SCAV TEMP,FO TEMP,TC IN TEMP,TC OUT TEMP,LO PRESS,FO PRESS,CW PRESS,SCAV AIR PRESS,TC LO PRESS,Rack Index,AvgEGT
314,62,35.0,104,521,372,4.9,8.0,1.9,1.6,3.0,20.42,405.6666666666667
352,61,35.0,105,521,371,4.9,8.1,1.9,1.6,2.9,21.56,403.8333333333333
312,62,34.0,106,523,381,4.9,8.1,1.9,1.6,3.0,20.36,406.1666666666667
312,62,35.0,103,523,374,4.9,7.9,1.9,1.4,5.1,20.36,340.5
312,61,34.0,103,523,373,4.9,7.9,1.9,1.4,5.1,20.36,393.6666666666667
313,61,35.0,104,521,381,4.9,7.9,1.9,1.4,5.1,20.39,395.5
304,61,34.0,105,517,379,5.1,7.8,1.9,1.3,3.9,20.12,393.5
305,61,34.0,105,518,379,5.0,7.7,1.9,1.3,3.9,20.15,394.0
313,61,34.0,106,523,379,5.0,7.5,1.9,1.3,3.9,20.39,399.3333333333333
182,60,34.0,102,458,406,4.9,6.7,1.9,0.5,4.0,16.46,385.5
161,62,34.0,103,492,442,5.1,7.3,1.9,0.5,5.6,15.83,392.3333333333333
151,62,33.0,103,489,401,4.63,7.6,3.2,0.5,2.7,15.53,372.8333333333333
171,62,33.0,104,469,458,3.7,8.1,3.3,0.5,2.7,16.13,378.3333333333333
343,62,33.0,104,509,394,4.8,7.9,1.9,1.4,5.6,21.29,399.5
181,60,33.0,102,483,393,3.9,7.6,1.9,0.7,2.3,16.43,377.6666666666667
180,61,33.0,103,475,430,5.0,8.3,1.9,0.5,2.9,16.4,384.0
167,57,35.0,104,405,304,5.6,7.7,1.9,0.4,3.6,16.01,396.8333333333333
153,61,34.0,105,487,432,4.9,8.3,1.9,0.5,2.9,15.59,387.1666666666667
166,60,33.0,104,490,403,4.8,7.5,3.2,0.4,2.7,15.98,373.6666666666667
143,61,33.0,104,489,403,5.2,8.1,3.3,0.7,2.7,15.29,386.6666666666667
170,60,33.0,104,449,401,4.8,7.5,2.2,0.6,2.7,16.1,373.5
172,61,33.0,105,480,431,5.1,8.2,3.3,0.5,3.1,16.16,375.8333333333333
164,61,32.0,103,441,398,4.3,7.7,1.9,0.5,2.2,15.92,376.6666666666667
141,61,33.0,104,446,427,4.7,8.2,1.9,0.5,3.1,15.23,377.0
158,60,33.0,104,447,399,3.9,7.7,1.9,0.5,2.2,15.74,377.5
160,61,33.0,105,447,430,5.1,8.2,1.9,0.5,3.1,15.8,380.5
396,60,36.0,99,495,361,5.3,6.7,1.9,1.8,3.0,22.88,409.1666666666667
358,60,34.0,100,508,369,5.3,6.7,1.9,1.8,3.0,21.74,387.0
401,60,35.0,99,491,364,5.3,6.7,1.9,1.8,3.0,23.03,389.8333333333333
328,60,34.0,99,514,369,5.2,6.7,3.1,1.6,2.9,20.84,387.8333333333333
224,60,33.0,101,473,398,5.3,6.6,1.9,0.8,3.0,17.72,390.5
226,60,33.0,102,509,432,4.9,7.2,1.8,0.8,2.7,17.78,404.6666666666667
228,60,33.0,86,469,397,5.2,6.8,1.9,0.9,2.9,17.84,389.8333333333333
227,62,33.0,87,484,428,4.2,7.6,1.9,0.7,2.3,17.81,398.0
338,60,33.0,86,469,397,5.2,6.8,1.9,0.9,2.9,21.14,389.8333333333333
227,62,33.0,87,501,428,5.2,7.6,1.9,0.7,2.3,17.81,398.0
277,60,33.0,56,492,351,5.8,7.7,3.2,1.2,2.8,19.31,386.3333333333333
288,62,33.0,86,493,419,4.5,8.5,3.4,1.0,2.8,19.64,402.5
246,60,33.0,93,467,389,5.1,7.6,1.9,0.9,2.9,18.38,380.3333333333333
244,61,33.0,94,507,425,5.1,8.0,1.9,0.9,2.8,18.32,401.5
185,60,32.0,101,453,399,5.1,7.7,1.9,0.7,2.2,16.55,395.0
242,60,30.0,79,465,395,4.6,8.4,1.9,0.8,2.7,18.26,388.5
272,61,30.0,80,514,439,5.0,7.6,1.9,0.8,2.8,19.16,424.5
242,60,33.0,79,465,394,4.6,7.4,1.9,0.8,2.6,18.26,388.8333333333333
394,60,35.0,76,495,361,4.2,6.9,1.9,1.7,2.4,22.82,392.6666666666667
229,61,33.0,79,468,394,4.3,6.8,1.9,0.8,2.5,17.87,385.0
320,62,33.0,80,518,436,5.0,7.4,1.9,0.8,2.8,20.6,411.0
364,60,35.0,84,495,346,5.1,6.7,1.9,1.6,2.8,21.92,399.5
402,60,36.0,86,487,356,4.2,6.5,1.9,1.9,2.4,23.06,388.5
335,60,35.0,95,486,368,4.9,7.3,1.9,0.4,2.8,21.05,384.0
173,61,33.0,94,404,406,5.1,7.6,1.9,0.6,2.9,16.19,385.1666666666667
170,61,33.0,94,481,435,5.1,8.2,1.9,0.5,3.0,16.1,394.5
353,60,35.0,94,400,359,4.9,7.4,1.9,1.5,2.8,21.59,379.8333333333333
182,60,33.0,95,478,402,5.0,7.3,1.9,0.4,3.0,16.46,380.5
177,61,33.0,96,477,432,4.7,8.0,1.9,0.6,2.7,16.31,398.1666666666667
266,59,33.0,94,466,374,4.9,7.9,1.9,1.2,2.8,18.98,347.1666666666667
194,61,32.0,95,466,426,5.1,8.1,1.8,0.8,2.8,16.82,396.1666666666667
192,60,33.0,91,459,396,4.9,7.5,1.9,0.7,2.8,16.76,381.8333333333333
197,61,33.0,92,500,431,5.2,8.3,1.9,0.6,3.0,16.91,397.8333333333333
264,60,33.0,85,466,391,4.7,7.7,1.9,0.6,2.7,18.92,385.6666666666667
286,62,33.0,87,479,413,3.6,8.3,2.0,0.8,2.0,19.58,365.6666666666667
191,60,33.0,91,480,394,4.8,7.5,1.9,0.8,2.7,16.73,368.8333333333333
187,61,33.0,92,483,431,5.1,8.2,1.9,0.5,3.0,16.61,380.3333333333333
238,60,33.0,96,477,382,4.6,7.9,1.9,0.9,2.6,18.14,377.0
224,61,33.0,98,489,425,4.0,8.5,1.9,0.8,2.7,17.72,400.6666666666667
244,60,33.0,91,470,382,4.8,7.6,1.9,0.9,2.7,18.32,359.5
281,61,33.0,92,483,438,5.2,8.2,1.9,0.6,3.0,19.43,422.6666666666667
164,60,33.0,90,486,389,4.8,7.4,1.9,0.7,2.7,15.92,374.6666666666667
157,61,33.0,91,483,433,5.1,8.2,1.9,0.5,3.0,15.71,400.0
175,60,33.0,94,439,394,4.7,7.6,1.9,0.4,2.8,16.25,382.6666666666667
168,61,33.0,98,447,431,4.7,8.4,1.9,0.5,2.1,16.04,385.6666666666667
168,60,33.0,96,439,396,4.7,7.6,1.9,0.5,2.8,16.04,372.1666666666667
168,61,33.0,98,486,431,4.7,8.3,1.9,0.5,3.1,16.04,387.3333333333333
182,60,33.0,94,436,396,4.7,7.7,1.9,0.5,2.8,16.46,369.1666666666667
162,61,33.0,96,474,431,5.1,8.4,1.9,0.5,3.1,15.86,385.5
182,60,33.0,94,436,396,4.71,7.7,1.9,0.5,2.8,16.46,372.0
169,61,33.0,96,483,431,5.1,8.4,1.9,0.5,3.1,16.07,385.3333333333333
337,60,35.0,96,494,356,6.1,6.8,1.8,1.7,2.4,21.11,408.3333333333333
222,60,33.0,94,483,391,4.6,7.1,1.9,0.8,2.5,17.66,378.8333333333333
217,61,33.0,96,497,434,4.9,8.2,2.0,0.7,2.7,17.51,404.6666666666667
350,61,33.0,95,492,356,4.4,6.9,1.9,1.7,2.5,21.5,378.6666666666667
225,60,33.0,96,486,390,4.4,7.4,1.9,0.8,2.5,17.75,382.3333333333333
228,61,33.0,98,498,432,4.9,7.8,1.9,0.8,2.7,17.84,405.6666666666667
225,60,33.0,98,481,397,4.2,7.8,1.9,0.7,2.4,17.75,381.5
225,59,31.0,160,449,419,4.7,8.5,1.9,0.7,3.0,17.75,399.6666666666667
185,60,33.0,101,491,409,5.5,7.5,1.9,0.5,3.3,16.55,383.8333333333333
174,61,33.0,102,483,438,4.5,8.3,1.9,0.5,3.3,16.22,395.3333333333333
167,60,32.0,98,475,400,4.1,7.8,1.9,0.6,2.4,16.01,374.3333333333333
174,61,32.0,98,474,401,4.6,8.1,1.9,0.6,3.0,16.22,387.0
330,60,36.0,101,512,367,5.5,7.5,1.9,1.7,3.0,20.9,389.1666666666667
235,60,34.0,100,509,374,5.6,7.5,1.9,1.7,3.0,18.05,382.5
241,61,33.0,101,500,401,4.3,7.6,1.9,1.9,2.8,18.23,385.0
175,60,33.0,101,486,409,5.5,6.6,1.8,0.5,3.3,16.25,384.8333333333333
167,62,33.0,102,490,442,4.4,7.2,1.9,0.5,2.5,16.01,396.1666666666667
344,61,33.0,101,499,394,5.4,7.3,1.5,1.9,3.0,21.32,389.5
186,60,33.0,101,504,408,5.5,6.5,1.8,0.6,3.2,16.58,384.5
181,62,33.0,102,404,441,4.3,7.4,1.8,0.6,2.5,16.43,398.5
168,60,33.0,102,489,409,5.6,7.3,1.9,0.5,3.3,16.04,382.0
172,61,33.0,104,491,445,5.1,7.5,1.9,0.5,3.1,16.16,405.3333333333333
169,61,33.0,103,488,409,5.6,7.3,1.9,0.5,3.3,16.07,377.6666666666667
182,61,33.0,103,491,446,5.1,7.5,1.9,0.5,3.1,16.46,401.0
161,60,33.0,103,487,409,5.6,7.3,1.9,0.5,3.3,15.83,380.8333333333333
153,61,33.0,104,490,443,5.1,7.5,1.9,0.5,3.1,15.59,392.6666666666667
234,60,33.0,102,499,398,5.5,7.6,1.9,0.8,3.1,18.02,393.1666666666667
221,61,33.0,104,498,433,4.9,8.2,1.9,0.8,2.7,17.63,406.6666666666667
158,57,33.0,103,481,407,5.6,7.4,3.3,0.5,3.4,15.74,377.1666666666667
196,60,33.0,104,481,363,5.1,8.2,3.3,0.5,3.0,16.88,386.1666666666667
301,60,33.0,99,474,405,5.5,6.8,1.8,0.8,3.1,20.03,390.8333333333333
393,60,35.0,98,504,340,5.9,6.4,1.8,1.8,3.0,22.79,393.8333333333333
234,60,34.0,99,493,399,5.5,6.7,1.9,0.8,3.1,18.02,390.3333333333333
235,62,33.0,101,500,435,4.9,7.3,1.9,0.8,2.7,18.05,407.3333333333333
367,60,36.0,100,509,360,5.4,6.6,1.9,1.8,3.0,22.01,395.5
199,60,33.0,103,495,440,4.6,7.3,1.9,0.6,2.6,16.97,401.6666666666667
193,60,33.0,101,489,406,5.5,6.9,1.8,0.6,3.2,16.79,385.6666666666667
335,60,35.0,101,498,365,5.4,6.7,3.1,1.5,3.0,21.05,364.8333333333333
376,60,35.0,99,498,341,5.4,6.6,1.9,1.7,3.0,22.28,387.1666666666667
222,60,33.0,103,485,397,5.5,7.5,1.9,0.8,3.1,17.66,385.6666666666667
232,61,33.0,105,491,431,4.9,8.2,1.9,0.7,2.7,17.96,404.1666666666667
228,52,52.0,102,487,392,5.5,7.6,1.9,0.9,3.1,17.84,385.0
227,52,33.0,103,493,407,5.2,8.4,3.2,0.8,2.8,17.81,452.6666666666667
155,60,33.0,103,475,405,5.5,7.7,1.9,0.5,3.3,15.65,377.6666666666667
146,61,30.0,105,474,432,5.1,8.4,1.9,0.4,3.1,15.38,381.8333333333333
380,60,35.0,97,498,358,5.4,6.6,2.3,1.5,3.0,22.4,384.5
380,60,35.0,98,495,344,5.4,6.6,1.9,1.7,3.0,22.4,388.6666666666667
350,60,35.0,99,498,364,5.4,6.6,1.9,1.5,3.0,21.5,388.6666666666667
195,59,33.0,103,481,405,5.5,6.7,1.9,0.6,3.2,16.85,383.0
188,62,33.0,104,486,343,4.1,7.6,2.0,0.6,2.3,16.64,395.8333333333333
353,60,35.0,102,508,369,5.4,6.4,3.3,1.5,3.0,21.59,392.0
418,60,36.0,102,510,365,5.3,6.4,1.9,1.8,3.0,23.54,397.8333333333333
409,61,36.0,103,515,344,3.4,6.9,1.9,1.9,3.0,23.27,343.6666666666667
400,60,36.0,102,515,365,5.3,6.9,1.8,1.9,3.0,23.0,406.0
410,61,36.0,102,515,365,5.3,6.9,1.8,2.0,3.0,23.3,405.0
373,61,39.0,103,521,377,5.4,7.2,1.9,1.7,3.0,22.19,411.3333333333333
414,61,37.0,104,516,367,5.4,8.3,3.1,1.8,3.0,23.42,402.1666666666667
419,61,40.0,103,504,373,5.3,7.2,1.9,2.0,3.0,23.57,414.0
433,62,35.0,104,515,389,4.9,7.3,2.0,2.0,2.7,23.99,425.3333333333333
432,62,36.0,103,516,360,4.8,7.3,1.9,2.0,2.7,23.96,427.8333333333333
374,61,40.0,103,521,377,5.3,7.5,1.9,1.7,3.0,22.22,411.3333333333333
437,61,39.0,104,532,374,5.2,7.1,1.8,2.1,2.9,24.11,422.8333333333333
390,58,36.0,103,531,389,5.3,7.1,3.1,1.6,3.0,22.7,416.6666666666667
203,61,34.0,104,516,427,5.3,7.2,1.7,0.7,3.0,17.09,406.0
222,62,34.0,105,510,444,4.9,7.6,1.8,0.7,2.7,17.66,408.8333333333333
426,61,38.0,101,537,386,5.2,7.4,3.1,1.9,2.9,23.78,424.3333333333333
237,61,36.0,103,521,400,5.2,7.2,1.7,0.8,3.0,18.11,430.5
241,62,36.0,104,528,389,4.8,7.3,1.8,0.9,2.7,18.23,411.6666666666667
393,61,39.0,103,543,359,5.3,7.2,1.8,1.8,2.9,22.79,421.6666666666667
537,61,38.0,105,543,369,5.2,7.2,1.8,0.9,3.0,27.11,426.0
238,62,38.0,106,529,401,4.7,7.3,1.8,0.9,2.7,18.14,411.8333333333333
420,61,38.0,105,586,391,5.3,7.4,3.1,1.8,2.5,23.6,429.5
237,61,36.0,105,528,392,5.2,7.3,0.8,0.8,3.0,18.11,430.1666666666667
236,62,37.0,107,529,376,4.6,7.3,0.9,0.8,2.8,18.08,364.6666666666667
412,61,38.0,102,549,398,5.2,7.0,3.1,1.7,3.0,23.36,426.8333333333333
238,61,37.0,104,540,401,5.2,7.2,1.8,0.8,3.0,18.14,425.8333333333333
238,62,37.0,100,531,415,4.2,7.3,1.8,0.8,2.8,18.14,417.5
413,61,38.0,100,549,397,5.2,7.1,1.8,1.8,2.9,23.39,434.0
238,61,38.0,106,541,403,5.2,7.2,1.7,0.9,3.0,18.14,429.0
236,62,38.0,105,537,395,5.1,7.3,1.9,1.0,2.8,18.08,417.3333333333333
414,61,38.0,101,549,397,5.2,7.0,3.2,1.8,2.8,23.42,435.3333333333333
236,61,38.0,105,547,396,5.2,7.2,1.8,0.9,3.0,18.08,435.8333333333333
241,62,38.0,106,535,394,4.8,7.3,1.8,0.8,2.8,18.23,418.0
410,61,37.0,102,546,297,5.2,6.9,1.7,1.7,2.8,23.3,431.8333333333333
237,61,34.0,103,518,422,5.3,7.0,1.8,0.8,2.9,18.11,414.3333333333333
231,61,33.0,104,503,433,5.0,7.7,1.8,0.8,2.5,17.93,402.3333333333333
420,62,36.0,106,526,294,4.8,6.9,3.2,1.8,2.7,23.6,417.1666666666667
246,61,34.0,34,517,423,5.3,3.6,1.8,0.9,2.9,18.38,417.0
405,62,44.0,42,520,483,4.9,6.4,3.2,2.0,2.7,23.15,423.3333333333333
232,61,37.0,45,519,415,5.2,6.4,1.7,1.0,2.8,17.96,406.8333333333333
249,62,34.0,45,504,426,4.9,6.3,1.8,0.9,2.7,18.47,400.6666666666667
377,62,41.0,59,589,390,4.9,7.1,1.8,1.5,2.7,22.31,414.0
181,61,35.0,52,535,436,5.3,7.4,1.7,0.5,2.9,16.43,406.6666666666667
175,61,35.0,51,491,431,5.0,7.4,1.8,0.6,2.9,16.25,374.8333333333333
388,62,45.0,50,515,392,4.9,7.1,3.1,1.7,2.7,22.64,412.1666666666667
177,61,35.0,52,535,438,5.3,7.3,1.7,0.6,2.9,16.31,406.6666666666667
175,61,35.0,52,491,431,5.0,7.2,1.8,0.6,2.9,16.25,385.8333333333333
202,61,37.0,55,514,437,5.3,7.4,3.2,0.7,2.9,17.06,409.3333333333333
264,61,37.0,54,498,438,5.0,7.1,3.2,0.6,2.8,18.92,394.8333333333333
181,61,36.0,55,519,440,5.2,7.3,1.8,0.6,2.9,16.43,408.3333333333333
185,61,36.0,55,498,425,5.0,6.9,1.8,0.6,2.8,16.55,392.0
194,61,37.0,52,519,435,5.2,6.8,1.8,0.7,2.9,16.82,410.3333333333333
190,61,37.0,52,501,436,5.0,6.3,1.8,0.7,2.8,16.7,394.8333333333333
246,60,37.0,51,529,427,5.2,6.9,1.8,0.9,2.8,18.38,414.8333333333333
251,62,37.0,50,511,431,5.0,7.1,1.8,0.9,2.7,18.53,405.8333333333333
217,60,34.0,54,521,452,5.2,7.3,3.0,0.9,2.9,17.51,392.3333333333333
223,61,32.0,54,501,429,5.0,6.8,3.2,0.9,2.7,17.69,395.3333333333333
240,61,37.0,45,526,431,5.2,7.2,1.8,0.8,2.9,18.2,415.1666666666667
243,62,34.0,44,511,435,4.9,7.1,1.8,0.9,2.7,18.29,401.5
237,60,36.0,45,528,430,5.2,6.7,3.1,0.8,2.9,18.11,414.0
241,62,35.0,45,510,432,4.9,6.7,3.2,0.9,2.7,18.23,400.0
224,61,38.0,50,532,439,5.2,7.6,3.2,0.8,2.8,17.72,409.8333333333333
231,62,38.0,49,509,440,4.9,7.0,3.2,0.8,2.7,17.93,402.3333333333333
213,61,37.0,47,524,444,5.2,6.8,1.7,0.7,2.8,17.39,429.5
217,62,37.0,46,510,449,4.9,6.9,1.7,0.7,2.7,17.51,409.1666666666667
186,61,36.0,48,524,449,5.2,7.2,1.7,0.5,2.9,16.58,412.6666666666667
178,62,36.0,48,507,455,5.0,7.1,1.7,0.5,2.9,16.34,402.8333333333333
188,61,36.0,48,524,449,5.2,7.1,1.7,0.6,2.9,16.64,414.5
183,61,36.0,48,521,447,5.0,7.3,1.7,0.6,2.8,16.49,412.1666666666667
185,61,36.0,48,524,449,5.2,7.1,1.7,0.6,2.9,16.55,414.3333333333333
188,61,36.0,48,507,451,5.0,7.3,1.7,0.6,2.8,16.64,401.8333333333333
220,61,36.0,45,521,441,5.1,6.8,1.7,0.7,2.8,17.6,423.1666666666667
119,61,36.0,45,509,447,5.0,6.9,1.7,0.7,2.8,14.57,420.8333333333333
193,61,35.0,49,524,447,5.2,7.2,1.7,0.6,2.9,16.79,415.8333333333333
211,61,36.0,48,510,450,5.0,7.3,1.7,0.6,2.8,17.33,405.8333333333333
448,62,36.0,105,535,402,4.9,7.5,32.0,1.9,2.7,24.44,422.1666666666667
249,61,34.0,103,534,431,5.1,7.1,1.7,1.0,2.8,18.47,423.6666666666667
251,61,32.0,105,514,433,4.9,7.2,1.7,0.9,2.7,18.53,413.5
247,61,33.0,103,534,436,5.1,7.4,1.7,0.8,2.8,18.41,424.5
243,61,31.0,105,515,438,4.9,7.0,1.7,0.8,2.7,18.29,414.3333333333333
404,62,31.0,102,523,480,4.9,7.4,3.1,1.7,2.7,23.12,429.3333333333333
250,61,34.0,99,534,432,5.0,7.3,1.7,0.8,2.8,18.5,424.3333333333333
247,61,31.0,102,514,464,5.0,7.8,1.8,0.9,2.7,18.41,414.1666666666667
433,62,36.0,102,529,397,4.8,7.7,1.8,1.9,2.7,23.99,429.1666666666667
247,61,34.0,102,532,427,5.1,7.4,1.8,0.9,2.8,18.41,423.8333333333333
248,61,31.0,105,510,434,4.9,8.2,1.7,0.9,2.7,18.44,414.3333333333333
239,61,34.0,102,534,434,5.1,7.5,3.2,0.8,2.9,18.17,434.6666666666667
239,62,31.0,105,515,441,4.9,8.4,3.2,0.8,2.7,18.17,414.3333333333333
236,61,34.0,101,536,434,5.1,6.9,1.8,0.8,2.8,18.08,425.1666666666667
239,62,31.0,104,515,439,4.9,8.2,1.8,0.8,2.7,18.17,414.3333333333333
243,61,34.0,102,536,436,5.1,7.0,3.2,0.8,2.8,18.29,427.1666666666667
234,61,32.0,105,516,445,4.9,8.1,3.2,0.8,2.7,18.02,419.5
268,61,34.0,101,540,431,5.0,7.3,1.7,0.9,2.7,19.04,429.0
265,62,31.0,102,514,432,4.9,8.3,1.7,0.9,2.7,18.95,415.6666666666667
191,61,33.0,104,529,447,5.1,8.0,1.8,0.6,2.8,16.73,418.0
203,61,31.0,106,503,443,5.0,8.9,1.8,0.7,2.8,17.09,404.5
192,61,32.0,104,530,442,5.1,7.9,1.9,0.6,2.7,16.76,418.5
198,61,32.0,105,504,441,5.0,8.3,1.8,0.6,2.8,16.94,400.6666666666667
137,61,33.0,105,512,445,5.0,7.9,3.2,0.3,2.9,15.11,402.8333333333333
144,61,30.0,108,484,440,5.0,8.8,3.2,0.4,3.1,15.32,392.6666666666667
206,61,33.0,102,534,442,4.9,8.0,1.8,0.7,2.7,17.18,422.0
206,61,30.0,104,508,447,5.0,8.8,1.8,0.7,2.8,17.18,405.5
110,60,33.0,100,506,440,5.0,7.5,3.4,0.3,2.8,14.3,401.8333333333333
141,61,32.0,102,482,438,5.1,8.1,3.5,0.4,3.1,15.23,394.1666666666667
153,61,33.0,102,511,441,4.8,7.7,2.2,0.4,2.7,15.59,406.0
144,61,32.0,104,489,442,5.0,8.1,2.2,0.5,3.0,15.32,397.0
142,61,33.0,102,507,441,4.8,7.6,2.2,0.4,2.8,15.26,406.3333333333333
145,61,32.0,105,486,441,5.0,8.0,2.2,0.4,3.1,15.35,399.5
275,61,35.0,98,528,420,4.7,6.6,1.9,1.0,2.6,19.25,422.1666666666667
271,62,34.0,101,519,435,4.9,7.6,1.9,1.0,2.7,19.13,421.0
404,63,39.0,102,557,399,4.6,6.4,3.1,2.0,2.4,23.12,448.6666666666667
259,61,34.0,99,527,424,4.7,6.6,1.9,0.9,2.6,18.77,421.8333333333333
255,62,34.0,103,520,421,4.6,7.7,1.9,0.9,2.7,18.65,420.6666666666667
199,61,33.0,103,525,441,4.7,7.5,3.2,0.6,2.6,16.97,420.0
200,61,32.0,106,507,449,4.9,8.6,3.3,0.7,2.8,17.0,410.3333333333333
411,63,36.0,104,535,399,4.8,8.2,1.8,1.9,2.7,23.33,417.8333333333333
190,60,32.0,99,524,448,4.6,7.2,1.9,0.5,2.6,16.7,422.3333333333333
183,59,32.0,99,446,410,5.1,8.6,1.7,0.5,5.3,16.49,387.1666666666667
224,61,33.0,102,533,435,4.5,7.4,1.9,0.8,2.5,17.72,422.0
228,60,30.0,102,444,415,5.0,9.1,1.9,0.7,5.2,17.84,385.6666666666667
392,61,37.0,102,550,408,4.2,6.6,1.9,1.7,2.3,22.76,442.3333333333333
219,61,33.0,100,533,440,4.4,7.4,1.9,0.7,2.4,17.57,429.6666666666667
217,60,31.0,100,534,418,5.0,9.2,1.8,0.7,5.2,17.51,367.3333333333333
378,61,40.0,102,500,385,4.2,6.8,1.9,1.8,2.0,22.34,423.8333333333333
403,61,38.0,402,556,405,4.2,6.8,1.9,1.8,2.3,23.09,451.5
428,62,39.0,104,527,396,4.7,6.9,1.8,2.0,2.6,23.84,443.3333333333333
465,63,41.0,103,533,393,4.8,7.6,1.9,2.1,2.7,24.95,452.8333333333333
403,62,39.0,104,524,393,4.8,7.9,1.8,1.8,2.7,23.09,445.1666666666667
426,62,38.0,105,532,397,4.7,7.8,1.9,2.0,2.6,23.78,449.1666666666667
415,62,38.0,105,531,397,4.7,7.8,1.8,2.0,2.6,23.45,451.5
429,62,39.0,102,531,394,4.7,6.6,1.8,2.0,2.6,23.87,450.3333333333333
429,61,39.0,105,541,407,4.0,6.5,1.8,2.0,2.2,23.87,457.3333333333333
452,61,39.0,100,569,403,3.9,7.7,1.8,2.0,2.1,24.56,458.5
399,60,32.0,101,508,389,4.8,6.5,1.8,1.6,5.0,22.97,341.5
438,61,39.0,102,564,405,3.9,7.5,1.8,1.9,2.1,24.14,456.8333333333333
414,60,37.0,98,557,403,3.9,7.7,1.8,1.8,2.1,23.42,431.6666666666667
455,61,39.0,100,543,403,3.7,7.7,1.8,2.1,2.0,24.65,459.3333333333333
445,60,34.0,100,507,381,4.8,6.0,1.8,1.9,4.9,24.35,429.8333333333333
447,60,33.0,102,503,380,4.8,6.0,1.8,1.9,4.9,24.41,415.5
410,60,33.0,100,501,380,4.8,6.3,1.8,1.8,4.9,23.3,403.6666666666667
389,62,32.0,100,532,389,4.7,8.1,1.9,1.8,2.6,22.67,406.0
389,62,32.0,100,506,384,4.7,7.9,1.9,1.7,2.7,22.67,428.6666666666667
401,62,33.0,103,507,383,4.7,7.9,1.9,1.9,2.6,23.03,433.1666666666667
388,62,34.0,104,506,389,4.7,7.9,3.2,1.9,2.6,22.64,423.6666666666667
389,62,34.0,104,500,382,4.7,7.6,1.9,1.8,2.6,22.67,402.8333333333333
369,62,34.0,105,501,382,4.7,7.7,1.9,1.7,2.6,22.07,418.1666666666667
387,62,33.0,102,499,380,4.7,7.7,1.9,1.8,2.6,22.61,411.8333333333333
401,62,34.0,102,503,376,4.7,8.1,1.9,2.0,2.6,23.03,420.5
400,62,34.0,101,503,377,4.7,7.9,1.9,1.9,2.6,23.0,419.1666666666667
379,62,34.0,102,498,379,4.7,7.9,3.2,1.8,2.6,22.37,411.0
172,60,32.0,100,495,411,3.8,8.1,2.1,0.7,2.1,16.16,397.1666666666667
393,62,35.0,104,508,374,4.7,7.9,1.9,2.1,2.6,22.79,428.8333333333333
403,62,34.0,101,503,381,4.6,7.8,1.9,2.0,2.6,23.09,427.6666666666667
358,62,33.0,102,473,440,4.6,7.8,1.8,1.4,2.6,21.74,403.3333333333333
357,59,33.0,100,473,369,4.8,6.9,1.8,1.4,4.9,21.71,382.1666666666667
417,59,34.0,100,480,344,4.7,6.7,1.8,1.9,4.9,23.51,397.8333333333333
199,59,32.0,102,459,386,3.7,7.1,2.8,0.7,2.1,16.97,416.1666666666667
209,59,32.0,100,458,390,4.8,7.1,2.9,0.7,5.0,17.27,364.1666666666667
186,59,32.0,101,455,392,4.8,7.0,3.3,0.6,5.0,16.58,362.8333333333333
185,62,33.0,102,495,439,4.6,7.8,3.3,0.7,2.6,16.55,400.3333333333333
413,59,34.0,102,480,371,4.46,6.5,1.8,1.7,4.8,23.39,360.3333333333333
386,59,33.0,102,480,369,4.6,6.9,1.8,1.6,4.8,22.58,384.1666666666667
418,59,34.0,100,483,365,4.6,6.5,1.8,1.8,4.7,23.54,390.6666666666667
402,59,34.0,102,489,368,4.5,6.5,1.8,1.8,4.7,23.06,387.5
398,59,34.0,102,484,367,4.5,6.5,1.8,1.8,4.7,22.94,385.5
201,58,32.0,100,443,389,4.7,7.4,1.8,0.6,4.7,17.03,362.6666666666667
197,62,33.0,102,498,439,4.7,7.4,1.9,0.6,2.7,16.91,393.8333333333333
464,58,32.0,102,412,389,4.7,7.2,1.8,1.8,4.9,24.92,357.1666666666667
202,59,32.0,30,450,390,4.7,5.6,1.8,0.6,4.9,17.06,355.6666666666667
197,62,33.0,30,503,441,4.8,5.9,1.9,0.7,2.6,16.91,412.3333333333333
374,62,34.0,47,520,401,4.5,8.5,1.9,1.7,2.5,22.22,485.8333333333333
376,60,33.0,47,482,375,4.6,8.4,1.8,1.5,4.8,22.28,384.8333333333333
183,59,32.0,45,448,393,4.7,8.6,3.1,0.6,4.9,16.49,363.1666666666667
176,61,33.0,49,494,439,4.6,9.4,3.2,0.6,2.6,16.28,395.6666666666667
167,60,33.0,46,502,431,5.69,7.8,1.9,0.5,3.1,16.01,400.6666666666667
166,61,33.0,46,489,434,4.6,7.6,1.9,0.6,2.7,15.98,386.6666666666667
236,60,33.0,45,517,425,5.4,7.5,3.2,0.8,3.0,18.08,912.5
228,61,33.0,45,509,426,4.6,7.2,3.3,0.9,2.5,17.84,402.5
204,60,33.0,46,524,441,5.6,7.8,1.9,0.6,3.1,17.12,419.5
209,62,33.0,47,500,435,4.5,8.1,1.9,0.7,2.5,17.27,399.3333333333333
215,60,33.0,47,524,436,5.5,7.8,3.2,0.7,3.0,17.45,421.6666666666667
226,62,33.0,47,501,430,4.4,8.0,3.2,0.8,2.4,17.78,403.5
184,60,33.0,50,525,448,5.5,7.8,3.3,0.5,3.0,16.52,422.8333333333333
188,62,33.0,50,502,439,4.4,8.0,3.3,0.6,2.3,16.64,402.8333333333333
206,60,33.0,49,524,443,5.5,7.8,3.2,0.6,3.0,17.18,426.1666666666667
173,61,33.0,49,495,440,4.4,8.0,3.2,0.6,2.5,16.19,392.1666666666667
230,60,33.0,46,520,418,5.5,8.2,3.0,0.9,3.0,17.9,407.5
231,62,33.0,44,501,424,4.3,8.3,3.2,0.9,2.5,17.93,403.6666666666667
178,59,32.0,45,515,441,5.5,7.8,1.9,0.5,3.1,16.34,414.3333333333333
180,61,32.0,46,487,432,4.4,8.0,1.9,0.6,2.5,16.4,387.3333333333333
181,60,33.0,42,514,439,5.5,7.7,3.3,0.5,3.1,16.43,401.8333333333333
174,58,31.0,43,431,382,4.7,7.2,3.2,0.5,4.8,16.22,346.3333333333333
176,60,33.0,47,519,444,5.5,7.4,3.3,0.5,3.1,16.28,412.1666666666667
184,62,33.0,47,498,439,4.3,7.2,3.3,0.4,2.4,16.52,401.5
184,61,34.0,46,518,433,5.5,7.4,3.3,0.8,3.1,16.52,408.6666666666667
186,62,33.0,46,490,422,4.3,7.2,3.3,0.6,2.4,16.58,402.6666666666667
329,62,33.0,46,508,399,4.2,7.0,1.9,1.4,2.3,20.87,417.6666666666667
186,61,34.0,46,518,420,5.4,7.2,1.8,0.5,3.1,16.58,409.6666666666667
185,62,33.0,45,509,398,4.2,7.1,1.9,0.4,2.3,16.55,417.8333333333333
355,62,33.0,40,507,393,4.1,7.3,3.2,1.6,2.3,21.65,416.1666666666667
176,61,32.0,43,518,423,5.4,7.3,3.3,0.5,3.1,16.28,408.6666666666667
186,62,32.0,42,508,391,4.1,7.3,3.2,0.5,2.3,16.58,415.3333333333333
368,62,34.0,40,507,393,4.1,7.3,3.2,1.6,2.3,22.04,415.1666666666667
207,60,33.0,44,523,430,5.5,8.2,3.3,0.7,3.0,17.21,415.1666666666667
204,62,33.0,44,498,427,4.1,8.3,3.3,0.7,2.3,17.12,398.0
168,60,33.0,43,508,431,5.5,8.0,3.3,0.6,3.0,16.04,396.5
190,60,33.0,43,422,420,4.1,7.8,3.3,0.6,2.3,16.7,383.1666666666667
166,59,33.0,37,508,435,5.5,7.2,3.3,0.5,3.1,15.98,396.3333333333333
185,61,33.0,37,490,435,4.0,6.4,3.3,0.6,2.3,16.55,384.0
349,62,33.0,42,503,391,4.0,7.4,1.9,1.4,2.2,21.47,412.0
179,59,33.0,40,507,432,5.5,7.9,1.9,0.5,3.1,16.37,400.6666666666667
179,61,32.0,40,482,424,4.0,7.8,1.9,0.6,2.3,16.37,384.0
191,60,33.0,42,512,433,5.5,7.9,3.2,0.6,3.0,16.73,401.1666666666667
188,62,33.0,44,430,428,4.0,7.6,3.2,0.6,2.3,16.64,386.1666666666667
158,59,33.0,41,492,425,5.6,8.0,3.3,0.3,3.2,15.74,388.0
154,61,33.0,41,461,417,4.1,7.8,3.3,0.5,2.4,15.62,370.8333333333333
294,60,34.0,35,517,397,5.4,7.3,3.2,1.4,2.9,19.82,410.5
297,62,33.0,35,507,411,3.9,7.3,3.3,1.1,2.2,19.91,395.0
247,59,32.0,39,449,375,4.5,8.1,3.1,0.9,4.6,18.41,351.1666666666667
258,62,32.0,40,501,420,3.9,8.1,3.3,0.9,2.1,18.74,402.0
154,59,32.0,35,503,433,5.5,7.3,3.2,0.4,3.1,15.62,385.3333333333333
151,62,33.0,35,475,427,3.9,7.2,3.3,0.5,2.3,15.53,373.5
192,59,33.0,38,511,436,5.5,7.9,3.2,0.5,3.0,16.76,409.0
207,61,33.0,38,490,430,3.8,7.9,3.3,0.7,2.1,17.21,392.6666666666667
154,59,33.0,39,504,432,5.5,7.8,3.3,0.4,3.1,15.62,401.8333333333333
155,61,33.0,39,457,420,3.8,7.8,3.3,0.4,3.3,15.65,363.6666666666667
157,59,33.0,40,507,418,5.5,7.8,3.3,0.5,3.1,15.71,399.6666666666667
159,61,33.0,40,420,418,3.8,7.8,3.3,0.4,3.3,15.77,364.3333333333333
149,59,33.0,42,502,438,5.5,7.8,1.9,0.4,3.1,15.47,392.5
152,61,33.0,42,476,426,3.8,7.7,1.9,0.5,2.2,15.56,375.6666666666667
155,59,33.0,42,503,430,5.5,7.8,1.9,0.4,3.1,15.65,391.3333333333333
152,61,33.0,42,478,428,3.8,7.7,1.9,0.5,2.2,15.56,375.8333333333333
162,59,33.0,40,503,431,5.5,7.7,3.3,0.4,3.1,15.86,390.0
152,61,33.0,40,472,420,3.7,7.7,3.3,0.4,2.1,15.56,365.3333333333333
184,59,33.0,41,502,432,5.5,7.7,3.3,0.4,3.1,16.52,382.5
162,61,32.0,41,472,423,3.6,7.8,3.3,0.5,2.1,15.86,366.0
323,60,34.0,31,526,394,5.4,7.1,1.8,1.5,2.9,20.69,419.6666666666667
185,59,32.0,33,514,438,5.5,7.0,3.2,0.5,3.1,16.55,398.6666666666667
188,59,32.0,32,433,381,4.6,6.4,3.1,0.6,3.1,16.64,350.1666666666667
185,60,33.0,31,521,480,5.5,7.0,3.3,0.6,3.2,16.55,328.6666666666667
402,37,32.0,33,304,309,7.1,1.2,0.1,0.4,4.3,23.06,451.1666666666667
374,60,34.0,98,467,355,4.3,6.7,3.0,1.8,4.3,22.22,361.8333333333333
209,60,33.0,103,520,431,5.4,8.0,3.2,0.7,3.0,17.27,414.1666666666667
215,59,32.0,102,452,388,4.4,8.8,3.2,0.7,4.4,17.45,363.1666666666667
395,60,34.0,102,473,363,4.3,8.2,1.8,1.6,4.2,22.85,377.8333333333333
414,60,32.0,100,476,363,4.2,6.5,2.8,1.7,4.2,23.42,377.3333333333333
393,60,32.0,100,475,364,4.1,6.9,2.8,1.7,4.2,22.79,374.0
439,60,35.0,100,556,396,5.3,8.1,3.2,1.7,2.8,24.17,448.3333333333333
403,60,34.0,96,540,396,5.3,7.3,3.2,1.6,2.8,23.09,439.5
417,60,35.0,98,548,397,5.3,7.0,3.1,1.9,2.8,23.51,443.3333333333333
367,60,35.0,100,544,397,5.3,7.1,1.8,1.6,2.9,22.01,435.8333333333333
205,60,33.0,101,517,435,5.1,7.3,3.3,0.6,3.0,17.15,417.5
289,62,33.0,104,509,444,5.1,7.8,3.3,0.7,2.8,19.67,411.6666666666667
391,60,36.0,99,535,390,5.3,6.8,3.1,1.7,2.8,22.73,428.6666666666667
442,61,36.0,101,551,391,5.3,7.0,3.2,2.1,2.8,24.26,445.0
400,62,34.0,104,508,398,4.9,7.5,3.2,1.7,2.7,23.0,432.8333333333333
415,62,34.0,103,510,388,4.9,7.3,1.9,1.9,2.7,23.45,430.6666666666667
441,62,35.0,103,512,385,4.9,7.4,3.1,2.0,2.7,24.23,440.5
429,62,34.0,104,510,385,4.9,7.4,3.1,2.1,2.7,23.87,435.6666666666667
198,59,32.0,102,456,388,4.3,6.9,3.1,0.6,4.3,16.94,357.3333333333333
203,61,33.0,107,503,440,5.0,7.6,3.2,0.7,2.8,17.09,407.8333333333333
198,59,32.0,102,456,388,4.3,6.9,3.1,0.6,4.3,16.94,354.8333333333333
388,62,34.0,101,503,393,4.9,7.6,3.2,1.7,2.7,22.64,430.8333333333333
445,61,37.0,102,546,392,5.4,7.2,3.2,2.0,2.8,24.35,455.8333333333333
370,60,35.0,98,536,394,5.4,7.0,1.9,1.6,2.9,22.1,440.1666666666667
379,61,35.0,101,537,392,5.4,7.0,3.3,1.8,2.8,22.37,440.3333333333333
400,60,35.0,93,537,388,5.4,6.9,3.1,1.9,2.9,23.0,438.6666666666667
179,60,33.0,25,512,434,5.5,3.7,3.2,0.6,3.0,16.37,408.6666666666667
410,62,34.0,52,508,383,4.9,6.7,3.2,1.8,2.7,23.3,431.1666666666667
459,62,35.0,52,523,388,4.8,7.9,3.2,2.2,2.7,24.77,450.0
394,62,34.0,48,510,389,4.9,6.8,1.9,1.8,2.7,22.82,431.3333333333333
464,63,36.0,52,526,389,4.8,7.3,3.2,2.2,2.7,24.92,446.5
428,62,34.0,50,512,383,4.9,7.8,3.2,1.9,2.7,23.84,433.5
181,60,33.0,50,524,433,5.5,8.2,3.2,0.6,3.0,16.43,411.3333333333333
186,61,33.0,51,492,433,5.0,8.1,3.2,0.7,3.2,16.58,394.6666666666667
376,62,33.0,45,497,390,5.0,8.7,3.2,1.4,2.7,22.28,411.1666666666667
220,61,33.0,47,494,433,5.0,8.8,3.3,0.8,2.8,17.6,386.8333333333333
373,62,33.0,54,497,390,4.9,8.4,3.2,1.5,2.7,22.19,417.8333333333333
171,61,33.0,48,514,430,5.5,8.9,3.2,0.7,3.0,16.13,409.8333333333333
175,61,32.0,47,494,436,5.0,8.8,3.3,0.7,2.8,16.25,414.0
292,61,33.0,53,503,414,4.9,8.4,3.2,1.4,2.1,19.76,418.5
188,61,33.0,57,514,458,5.5,8.5,3.0,0.5,3.0,16.64,424.5
184,61,33.0,56,515,459,5.0,8.3,3.3,0.6,2.8,16.52,409.8333333333333
173,60,33.0,56,543,461,5.5,8.6,3.2,0.5,3.0,16.19,426.3333333333333
182,61,33.0,56,507,456,5.0,8.6,3.3,0.6,2.9,16.46,407.6666666666667
161,60,33.0,53,540,462,5.0,8.5,3.2,0.5,3.0,15.83,424.5
152,61,33.0,53,498,456,5.0,8.5,3.2,0.5,3.0,15.56,403.6666666666667
185,61,33.0,53,541,459,5.5,8.6,3.2,0.6,2.9,16.55,436.3333333333333
185,61,33.0,51,504,453,5.0,8.6,3.2,0.6,2.9,16.55,405.1666666666667
195,60,33.0,52,512,458,5.5,8.7,3.2,0.6,3.0,16.85,429.1666666666667
185,61,32.0,51,518,453,5.0,8.6,3.2,0.6,3.0,16.55,406.0
162,59,32.0,45,526,449,5.5,8.2,3.2,0.5,3.1,15.86,397.3333333333333
167,61,32.0,46,490,444,5.0,8.1,3.3,0.5,3.0,16.01,401.5
205,60,33.0,45,517,425,5.5,8.8,3.2,1.0,3.2,17.15,407.0
175,61,32.0,46,506,447,5.0,8.6,3.3,0.6,3.3,16.25,421.5
297,62,33.0,44,511,417,4.9,8.5,3.2,1.2,2.7,19.91,401.8333333333333
180,60,32.0,50,457,352,4.3,8.0,3.1,0.8,4.2,16.4,309.8333333333333
178,61,32.0,51,498,444,5.0,8.3,3.3,0.6,2.8,16.34,394.0
294,60,33.0,52,465,372,4.2,7.7,2.4,1.1,4.2,19.82,326.5
379,60,33.0,48,483,361,4.0,6.6,2.3,1.7,4.0,22.37,338.0
184,60,33.0,51,532,449,5.5,7.2,3.2,0.6,3.0,16.52,420.5
169,60,33.0,50,457,391,4.2,6.5,3.2,0.6,3.1,16.07,317.0
158,60,33.0,53,541,465,5.5,8.5,3.2,0.5,3.0,15.74,426.0
160,60,32.0,52,453,392,4.1,7.8,3.1,0.5,4.1,15.8,312.8333333333333
168,60,33.0,46,478,372,5.5,8.5,3.2,0.5,3.0,16.04,427.5
189,61,33.0,46,480,368,4.1,7.8,3.1,0.5,4.1,16.67,312.8333333333333
342,60,33.0,46,478,373,4.0,8.2,3.1,1.4,3.9,21.26,333.8333333333333
173,60,33.0,48,541,461,5.5,7.9,3.3,0.6,3.0,16.19,421.6666666666667
183,60,32.0,48,458,391,4.9,7.7,3.2,0.6,4.0,16.49,316.1666666666667
164,60,33.0,52,544,465,5.5,8.6,3.3,0.5,3.0,15.92,426.0
164,60,32.0,52,460,305,4.1,8.0,3.2,0.5,4.0,15.92,313.0
437,61,36.0,49,548,398,5.3,7.6,3.1,1.8,2.8,24.11,450.3333333333333
367,60,35.0,51,545,405,5.3,8.0,3.2,1.7,2.9,22.01,441.5
223,60,33.0,51,532,439,5.4,8.7,3.3,0.8,3.0,17.69,422.6666666666667
214,60,32.0,51,472,399,4.1,8.5,3.2,0.7,3.9,17.42,320.5
167,60,33.0,53,537,458,5.5,8.9,3.3,0.5,3.0,16.01,429.5
166,60,32.0,52,464,397,4.0,8.3,3.3,0.5,4.0,15.98,320.1666666666667
199,60,33.0,51,536,444,5.4,8.7,3.2,0.7,3.0,16.97,425.0
205,60,32.0,51,473,399,4.0,8.3,3.1,0.7,3.2,17.15,322.5
194,60,33.0,51,539,459,5.5,8.7,3.2,0.5,3.0,16.82,421.5
179,60,32.0,51,465,400,4.0,8.4,3.2,0.5,4.0,16.37,324.0
185,60,33.0,51,542,451,5.4,8.6,3.3,0.7,3.0,16.55,426.5
184,60,32.0,51,470,401,4.0,8.4,3.2,0.6,3.9,16.52,322.1666666666667
209,60,33.0,53,533,441,5.4,8.7,3.3,0.8,3.0,17.27,421.1666666666667
219,62,33.0,54,518,451,5.0,8.5,3.2,0.8,3.2,17.57,420.3333333333333
166,60,32.0,54,532,456,5.4,8.8,3.3,0.5,3.0,15.98,420.8333333333333
169,61,33.0,54,504,453,5.0,8.9,3.2,0.6,3.3,16.07,408.1666666666667
383,62,33.0,49,511,407,4.9,8.7,3.2,1.5,2.7,22.49,436.1666666666667
179,60,33.0,50,529,449,5.5,9.1,3.2,0.6,3.0,16.37,418.8333333333333
174,61,33.0,51,493,445,5.0,9.0,3.2,0.6,2.9,16.22,402.8333333333333
240,60,33.0,47,541,433,5.4,9.2,3.2,0.7,3.0,18.2,422.6666666666667
223,61,33.0,47,503,435,4.9,9.1,3.2,0.8,2.7,17.69,405.1666666666667
236,60,33.0,47,517,420,5.4,9.1,3.2,1.0,2.9,18.08,403.8333333333333
202,61,32.0,48,497,433,4.9,9.1,3.3,0.6,2.8,17.06,404.0
290,62,33.0,45,506,409,4.9,9.0,3.2,1.3,2.7,19.7,422.5
126,58,32.0,48,428,373,4.0,8.4,3.2,0.4,4.0,14.78,290.1666666666667
124,61,33.0,49,456,423,5.0,9.1,3.3,0.4,3.1,14.72,382.6666666666667
309,62,33.0,50,509,410,4.9,8.9,3.2,1.3,2.7,20.27,430.3333333333333
107,59,32.0,50,431,380,4.0,8.6,3.2,0.4,4.0,14.21,289.8333333333333
105,61,32.0,51,467,431,5.0,9.2,3.3,0.3,3.2,14.15,366.6666666666667
343,62,34.0,54,515,405,4.8,8.4,3.2,1.8,2.7,21.29,437.3333333333333
201,61,32.0,51,459,386,4.0,7.8,3.2,0.7,3.9,17.03,313.5
207,61,32.0,51,507,448,4.9,8.5,3.2,0.7,2.8,17.21,408.0
373,59,33.0,55,504,408,4.9,8.2,3.2,1.8,2.7,22.19,435.0
219,61,32.0,51,465,385,4.0,7.8,3.2,0.6,3.9,17.57,319.1666666666667
210,61,33.0,53,508,448,4.9,8.3,3.2,0.7,2.8,17.3,411.8333333333333
219,60,32.0,51,462,388,4.0,7.9,3.2,0.8,3.9,17.57,314.8333333333333
231,61,33.0,53,511,445,4.9,8.5,3.2,0.7,3.0,17.93,413.3333333333333
309,62,34.0,55,516,420,4.8,8.3,3.4,1.4,2.6,20.27,438.5
324,62,33.0,53,518,419,4.8,8.4,1.9,1.4,2.6,20.72,440.8333333333333
132,59,33.0,47,521,451,5.5,9.1,3.2,0.5,3.0,14.96,410.5
139,61,33.0,49,489,450,4.9,9.1,3.2,0.4,3.0,15.17,392.8333333333333
339,61,33.0,47,492,448,4.9,9.2,3.2,0.6,2.9,21.17,405.1666666666667
189,61,33.0,47,531,444,5.4,8.5,3.2,0.7,3.0,16.67,427.3333333333333
193,61,33.0,48,514,453,4.9,8.5,3.2,0.7,2.8,16.79,413.1666666666667
206,60,33.0,51,525,443,5.4,8.8,3.2,0.7,3.0,17.18,418.3333333333333
206,61,33.0,52,512,457,4.9,9.0,3.2,0.7,2.7,17.18,413.5
190,59,33.0,51,524,443,5.4,9.1,1.8,0.6,3.0,16.7,420.5
204,61,33.0,51,501,451,4.9,9.0,1.8,0.6,2.8,17.12,419.6666666666667
190,60,33.0,51,533,447,4.9,9.1,3.9,0.6,2.8,16.7,420.6666666666667
236,60,33.0,48,472,390,3.9,7.2,3.1,0.8,3.9,18.08,323.5
238,61,33.0,49,503,443,4.9,7.5,3.3,0.9,2.7,18.14,424.5
392,62,34.0,48,523,413,4.8,7.6,3.2,1.8,2.6,22.76,447.3333333333333
401,62,34.0,49,527,416,4.8,8.0,3.2,1.7,2.7,23.03,453.3333333333333
398,62,33.0,50,528,419,4.8,7.7,3.2,1.6,2.7,22.94,449.8333333333333
401,62,34.0,49,531,414,4.8,7.8,3.2,1.8,2.7,23.03,443.1666666666667
377,60,33.0,47,489,368,3.8,7.2,3.1,1.7,3.7,22.31,343.8333333333333
167,60,33.0,56,526,452,5.5,8.5,3.2,0.5,3.0,16.01,422.0
152,61,33.0,55,501,460,4.9,8.7,3.2,0.5,2.9,15.56,417.1666666666667
240,61,33.0,54,547,446,4.4,8.4,3.2,0.8,2.9,18.2,434.1666666666667
213,62,32.0,53,519,453,4.9,8.5,3.2,0.8,2.7,17.39,445.6666666666667
295,61,34.0,54,553,431,5.3,8.6,3.1,2.8,61.0,19.85,440.8333333333333
260,63,33.0,53,518,450,5.0,8.53,3.1,0.9,2.9,18.8,447.0
305,61,33.0,51,551,431,5.3,8.5,3.1,1.2,2.9,20.15,445.0
279,61,33.0,49,553,436,5.3,8.6,3.1,1.2,2.8,19.37,440.0
294,61,33.0,48,554,430,5.3,8.8,3.1,1.3,2.8,19.82,438.1666666666667
324,61,34.0,47,553,420,5.3,8.7,3.2,1.4,2.8,20.72,436.0
319,61,35.0,46,545,421,5.4,9.1,3.1,1.3,2.9,20.57,437.0
320,61,34.0,46,552,419,5.4,8.9,3.1,1.3,2.6,20.6,441.0
303,60,34.6,47,548,422,5.4,8.9,3.2,1.2,2.9,20.09,437.5
331,61,34.0,47,549,424,5.4,8.9,3.3,1.3,2.8,20.93,438.6666666666667
355,62,33.0,46,536,429,4.8,8.9,3.2,1.3,2.6,21.65,441.1666666666667
332,62,33.0,47,537,427,4.8,8.8,3.3,1.3,2.7,20.96,442.0
329,61,33.0,47,524,430,4.8,8.9,3.2,1.2,2.6,20.87,437.5
315,61,33.0,45,509,388,3.8,8.2,3.1,1.3,3.8,20.45,336.24999999999994
176,60,32.0,50,456,394,3.9,8.3,3.2,0.5,3.8,16.28,313.8333333333333
184,61,33.0,51,503,458,4.9,5.8,3.2,0.6,2.8,16.52,407.1666666666667
154,61,33.0,52,531,459,5.5,8.7,3.2,0.5,3.0,15.62,419.1666666666667
151,61,32.0,51,461,401,3.9,8.2,3.2,0.5,3.8,15.53,311.3333333333333
379,60,33.0,46,489,368,3.7,7.1,3.0,1.7,3.6,22.37,347.1666666666667
153,61,33.0,51,531,429,5.4,8.7,3.3,0.4,3.0,15.59,419.3333333333333
152,61,32.0,50,461,401,3.9,8.3,3.3,0.5,3.8,15.56,313.3333333333333
402,60,33.0,47,374,500,3.6,6.9,3.1,2.0,3.5,23.06,356.8333333333333
153,61,35.0,52,552,460,5.4,8.7,3.3,0.4,4.0,15.59,420.6666666666667
391,62,34.0,49,543,422,4.7,7.8,3.1,1.9,2.6,22.73,456.1666666666667
159,61,34.0,52,531,490,5.3,8.4,3.3,0.5,3.0,15.77,425.6666666666667
236,61,34.0,53,532,491,4.8,8.9,3.2,1.3,2.8,18.08,429.3333333333333
339,62,32.0,50,553,420,4.7,8.9,3.0,1.3,2.6,21.17,441.1666666666667
163,60,33.0,54,546,429,5.5,8.9,3.1,0.5,3.0,15.89,424.3333333333333
182,61,33.0,53,526,461,4.8,9.2,3.1,0.5,2.8,16.46,400.1666666666667
184,60,33.0,52,543,458,5.5,9.1,3.1,0.6,3.0,16.52,425.6666666666667
204,61,33.0,53,506,455,4.9,9.2,3.1,0.6,2.7,17.12,392.5
171,60,33.0,54,550,468,5.5,9.0,3.0,0.4,3.0,16.13,438.1666666666667
191,61,33.0,54,525,453,5.0,9.1,3.1,0.6,2.6,16.73,415.5
185,60,33.0,52,542,459,5.5,9.2,3.1,0.6,2.89,16.55,430.6666666666667
205,61,34.0,53,506,456,4.8,9.1,3.1,0.59,2.9,17.15,416.5
99,60,33.3,50,518,458,5.5,8.6,3.1,0.3,3.1,13.97,401.0
174,60,30.3,50,431,388,3.7,8.6,3.1,0.3,3.7,16.22,287.8333333333333
163,60,33.0,51,557,465,5.4,8.6,3.1,0.8,3.0,15.89,419.3333333333333
191,60,32.0,50,492,402,3.6,8.5,3.1,0.6,3.6,16.73,326.5
160,60,33.0,52,553,470,5.4,8.6,3.1,0.6,3.0,15.8,436.0
160,60,32.0,51,470,401,3.6,8.3,3.1,0.6,3.6,15.8,321.1666666666667
180,60,33.0,50,549,464,5.4,8.7,3.1,0.6,3.0,16.4,434.5
187,60,33.0,50,475,400,3.6,8.5,3.0,0.7,3.6,16.61,324.0
239,61,33.0,55,557,456,5.4,8.7,3.0,0.9,2.9,18.17,433.1666666666667
239,61,32.0,55,545,461,4.8,8.7,3.0,0.8,2.6,18.17,429.6666666666667
234,60,33.0,54,533,552,5.4,8.9,3.1,0.8,2.9,18.02,441.1666666666667
435,62,32.0,54,445,458,4.8,8.7,3.0,0.8,2.6,24.05,430.1666666666667
164,60,33.0,53,541,473,5.4,8.9,3.0,0.5,3.0,15.92,438.5
150,61,33.0,53,517,461,4.8,8.9,3.1,0.5,3.1,15.5,407.5
382,62,35.0,50,566,431,4.7,7.8,3.0,1.6,2.6,22.46,459.1666666666667
381,62,35.0,50,566,425,4.7,8.1,3.0,1.6,2.6,22.43,457.6666666666667
450,62,35.0,50,541,419,4.6,7.9,3.0,1.9,2.6,24.5,445.0
455,61,35.0,50,542,418,4.7,7.8,3.0,1.8,2.61,24.65,467.1666666666667
411,62,34.0,51,560,423,4.6,7.9,2.5,1.7,2.6,23.33,461.0
412,62,35.0,51,560,422,4.5,7.9,2.4,1.8,2.61,23.36,460.5
414,62,35.0,52,533,418,4.6,9.2,3.1,1.8,2.6,23.42,457.3333333333333
435,62,34.0,52,570,520,4.6,7.8,2.9,2.0,2.5,24.05,464.8333333333333
432,62,34.0,50,539,422,4.6,7.8,3.0,1.8,2.62,23.96,462.6666666666667
409,62,35.0,50,568,423,4.6,7.6,3.1,1.8,2.6,23.27,456.5
430,62,34.0,50,565,422,4.5,7.5,3.8,1.8,2.6,23.9,460.8333333333333
359,61,35.0,48,551,416,5.4,7.8,3.4,1.5,2.9,21.77,437.3333333333333
364,61,36.0,46,541,543,5.4,7.5,3.1,1.7,5.2,21.92,444.0
392,59,33.0,46,484,592,5.1,7.5,3.1,0.8,5.0,22.76,324.1666666666667
383,49,34.0,43,478,313,5.0,7.5,3.0,1.8,4.8,22.49,336.8333333333333
168,58,33.0,51,478,382,5.1,7.4,3.1,1.6,5.0,16.04,304.5
178,61,33.0,53,448,383,4.8,7.9,3.1,1.6,2.8,16.34,402.3333333333333
286,59,33.0,45,492,365,4.9,8.5,1.6,1.3,4.8,19.58,321.0
189,59,33.0,52,459,397,5.0,7.6,2.6,0.6,4.9,16.67,314.0
193,62,34.0,53,516,452,4.8,7.6,3.1,0.5,2.8,16.79,406.8333333333333
296,61,33.0,60,516,396,4.9,8.4,3.0,1.2,4.8,19.88,343.3333333333333
176,61,33.0,56,540,462,4.7,8.7,3.1,0.6,2.8,16.28,418.0
250,61,33.0,55,489,415,5.0,8.2,3.1,0.5,4.9,18.5,332.5
301,62,33.0,52,533,432,4.7,7.7,1.6,1.1,2.6,20.03,436.8333333333333
312,62,33.0,48,536,427,4.6,8.8,3.0,1.2,2.5,20.36,434.6666666666667
288,61,33.0,47,514,431,4.7,8.8,3.0,1.2,2.5,19.64,428.0
275,61,33.0,46,534,436,4.6,8.8,3.0,1.1,2.5,19.25,429.5
329,62,33.0,47,539,425,4.6,8.8,3.0,1.3,2.5,20.87,434.1666666666667
138,59,33.0,51,450,390,5.1,10.2,3.0,0.4,5.0,15.14,306.5
133,61,33.0,52,498,443,4.7,10.2,3.0,0.4,2.8,14.99,391.0
298,60,33.0,14,477,384,4.9,7.4,2.9,1.3,4.8,19.94,330.8333333333333
105,59,33.0,48,427,386,5.1,7.3,3.0,0.4,5.0,14.15,299.0
212,61,33.0,50,492,439,4.7,7.9,3.0,0.4,2.9,17.36,382.3333333333333
311,60,33.0,47,511,391,4.9,7.4,2.8,1.0,4.8,20.33,336.8333333333333
153,60,34.0,55,512,440,5.4,7.5,3.1,0.5,3.0,15.59,406.8333333333333
150,61,33.0,54,516,452,4.7,8.1,3.1,0.5,2.7,15.5,400.6666666666667
290,60,33.0,57,528,457,5.5,5.0,3.1,0.4,3.1,19.7,421.5
333,61,33.0,55,508,428,4.6,5.5,3.1,1.4,2.5,20.99,439.3333333333333
298,62,33.0,47,543,444,4.5,8.2,3.0,1.1,2.5,19.94,438.1666666666667
234,60,33.0,44,457,397,4.9,7.7,3.0,0.5,5.0,18.02,326.0
298,61,33.0,45,541,458,4.6,8.2,3.0,0.5,2.6,19.94,434.6666666666667
313,61,33.0,44,525,436,4.5,8.4,3.0,1.1,2.5,20.39,437.6666666666667
146,60,33.0,45,430,395,4.6,7.8,3.0,0.5,2.7,15.38,428.8333333333333
157,61,33.0,46,450,372,4.7,8.2,3.0,0.5,3.0,15.71,409.1666666666667
290,62,33.0,52,544,442,2.5,7.9,1.6,1.1,2.5,19.7,439.8333333333333
147,60,33.0,51,480,402,5.0,7.5,3.0,0.7,5.0,15.41,329.8333333333333
157,60,33.0,52,541,469,4.5,7.9,3.0,0.8,2.5,15.71,438.3333333333333
280,62,33.0,50,542,444,4.5,7.9,3.0,1.1,2.4,19.4,433.8333333333333
268,62,1.1,51,550,448,4.4,7.9,1.6,1.1,2.4,19.04,436.5
180,61,33.0,50,478,404,4.8,7.8,1.6,0.7,2.3,16.4,405.0
190,60,33.0,50,341,470,5.0,7.6,1.6,0.6,2.4,16.7,437.0
261,60,33.0,50,486,399,4.9,7.3,2.9,1.1,4.8,18.83,337.3333333333333
265,60,33.0,50,485,398,4.9,7.3,2.9,1.12,4.8,18.95,341.0
300,60,33.0,52,515,392,4.9,7.2,2.8,1.1,4.8,20.0,334.5
298,60,33.0,52,512,398,4.9,7.2,2.8,1.1,4.8,19.94,335.6666666666667
312,60,34.0,52,490,394,5.0,7.3,2.9,1.3,4.9,20.36,336.5
339,60,33.0,55,449,391,4.9,7.1,2.9,1.4,4.8,21.17,340.8333333333333
330,61,33.0,60,556,449,5.0,7.9,3.0,1.1,2.7,20.9,447.5
165,60,33.0,59,480,409,5.0,8.2,3.0,0.7,5.0,15.95,331.5
174,61,33.0,60,511,467,5.0,8.7,3.1,0.7,2.9,16.22,432.8333333333333
329,62,33.0,56,527,439,5.0,7.8,3.0,1.3,2.7,20.87,444.1666666666667
320,62,33.0,56,527,439,5.0,7.8,3.0,1.3,2.7,20.6,442.8333333333333
306,62,33.0,52,559,458,5.0,7.9,3.0,1.1,2.7,20.18,447.1666666666667
245,60,33.0,57,473,400,5.0,7.2,3.0,1.0,4.9,18.35,314.6666666666667
205,61,33.0,59,570,473,5.1,7.8,3.0,0.5,2.9,17.15,413.5
295,62,33.0,52,560,455,5.0,7.9,3.1,1.1,2.7,19.85,449.6666666666667
175,60,33.0,51,508,438,5.0,7.2,3.1,0.5,2.9,16.25,412.6666666666667
308,61,33.0,54,516,455,5.0,8.2,3.1,1.0,2.7,20.24,440.8333333333333
240,62,32.0,55,480,460,5.1,8.3,3.0,1.1,2.6,18.2,395.0
301,60,32.0,47,504,480,4.9,7.7,3.6,1.2,4.8,20.03,334.1666666666667
383,59,32.0,51,518,379,4.9,7.3,2.5,1.5,4.9,22.49,345.0
320,60,32.0,52,516,380,4.8,7.1,1.7,1.5,4.8,20.6,337.8333333333333
350,61,32.0,53,520,430,4.7,7.2,1.9,1.6,2.7,21.5,338.0
415,62,32.0,55,537,428,4.9,6.8,3.2,1.6,2.7,23.45,454.3333333333333
185,60,31.0,66,499,436,5.4,6.9,3.2,0.7,3.0,16.55,406.1666666666667
200,61,31.0,66,518,455,5.0,7.6,3.2,0.6,2.9,17.0,411.0
196,58,30.0,62,445,375,5.7,6.9,3.2,0.6,5.0,16.88,312.8333333333333
199,61,31.0,66,517,451,5.0,7.1,3.2,0.6,2.9,16.97,409.5
434,59,33.0,54,483,356,5.1,7.1,2.7,1.8,4.8,24.02,353.3333333333333
408,60,34.0,62,519,367,5.0,8.2,2.9,1.9,4.7,23.24,342.1666666666667
410,60,33.0,69,520,366,5.0,8.8,3.1,1.8,4.7,23.3,344.1666666666667
449,60,33.0,64,495,368,4.9,8.7,3.1,2.0,4.7,24.47,349.1666666666667
387,60,32.0,63,489,372,5.0,8.8,3.1,1.6,4.7,22.61,343.6666666666667
410,60,32.0,63,445,373,5.0,9.2,3.1,1.8,4.7,23.3,346.8333333333333
390,60,32.0,61,448,376,5.0,9.1,3.1,1.7,4.7,22.7,348.0
395,60,32.0,67,498,375,5.0,9.1,3.1,1.7,4.7,22.85,347.8333333333333
446,62,33.0,74,554,433,4.9,7.0,3.1,1.9,2.7,24.38,470.0
460,62,32.0,74,557,434,4.9,7.3,3.1,1.9,2.7,24.8,474.0
242,60,30.0,76,480,402,5.0,6.6,3.2,0.9,4.9,18.26,349.0
236,61,30.0,80,531,466,5.0,7.0,3.2,0.8,2.7,18.08,434.1666666666667
307,60,32.0,31,489,393,5.0,3.7,3.1,1.2,4.8,20.21,355.6666666666667
494,60,31.0,55,539,456,4.9,6.4,3.1,1.1,2.7,25.82,446.0
285,62,31.0,41,430,390,4.9,6.9,3.2,0.9,2.7,19.55,353.6666666666667
300,62,31.0,41,439,385,4.9,6.9,3.2,0.9,2.7,20.0,416.5
176,59,31.0,41,453,392,5.1,6.0,3.2,0.6,5.0,16.28,329.1666666666667
170,61,31.0,42,509,456,5.0,6.7,3.0,0.4,3.0,16.1,403.6666666666667
381,60,29.0,37,490,380,5.0,6.2,3.1,1.3,4.8,22.43,357.1666666666667
370,60,31.0,37,512,377,5.0,6.4,3.0,1.5,4.0,22.1,357.5
315,62,31.0,41,542,440,4.9,7.7,3.2,1.2,2.7,20.45,437.8333333333333
317,62,31.0,41,541,439,4.9,7.6,3.2,1.3,2.7,20.51,433.8333333333333
328,62,31.0,41,548,435,4.9,7.7,3.2,1.5,2.7,20.84,438.1666666666667
101,60,32.0,45,492,494,5.5,7.8,3.2,0.5,3.0,14.03,414.1666666666667
453,61,31.0,45,509,456,5.0,8.2,3.2,0.4,3.0,24.59,402.5
300,61,31.0,41,447,531,4.9,7.8,3.2,1.1,2.7,20.0,432.8333333333333
332,62,31.0,45,534,440,4.9,7.9,3.2,1.3,2.6,20.96,438.0
330,62,31.0,41,553,447,4.9,7.8,3.2,1.2,2.6,20.9,444.6666666666667
320,60,32.0,42,499,380,4.9,7.2,3.1,1.3,4.8,20.6,350.5
183,59,31.0,43,462,394,5.0,7.0,3.1,0.7,4.9,16.49,332.0
183,61,31.0,43,509,462,5.0,7.7,3.2,0.5,2.9,16.49,403.5
345,61,31.0,43,490,386,4.9,7.0,3.0,1.4,4.7,21.35,360.6666666666667
230,59,30.0,38,484,394,4.9,6.9,3.1,0.9,4.8,17.9,352.1666666666667
343,60,39.0,39,514,380,4.9,7.0,3.0,1.6,4.7,21.29,359.0
154,59,27.0,46,459,400,5.0,6.7,3.4,0.56,4.9,15.62,326.0
156,59,30.0,40,418,407,5.2,7.8,3.4,0.4,3.4,15.68,403.8333333333333
382,62,31.0,80,548,495,4.7,7.9,3.3,1.6,2.7,22.46,457.0
404,62,30.0,82,576,436,4.8,7.6,3.4,1.6,2.7,23.12,462.6666666666667
271,61,31.0,82,550,460,4.7,7.6,3.4,0.8,2.72,19.13,431.3333333333333
239,61,32.0,82,542,441,5.4,7.6,3.3,0.8,2.9,18.17,428.0
263,61,36.0,83,552,468,4.8,7.5,3.3,0.8,2.7,18.89,433.0
457,62,34.0,73,569,434,4.8,7.9,3.3,1.9,2.7,24.71,473.1666666666667
485,60,38.0,74,541,380,4.8,7.1,3.2,2.0,4.7,25.55,379.0
380,60,40.0,78,529,381,4.8,7.8,3.2,1.6,4.7,22.4,367.8333333333333
424,60,39.0,76,509,384,4.8,7.1,3.1,1.7,4.7,23.72,377.3333333333333
189,61,33.0,81,544,467,5.4,8.1,3.4,0.6,3.0,16.67,437.6666666666667
208,60,29.0,80,486,414,5.1,8.2,3.3,0.7,4.8,17.24,351.0
417,62,36.0,77,545,428,4.8,7.9,3.3,1.7,2.6,23.51,460.8333333333333
440,62,38.0,79,574,442,4.7,7.7,3.3,2.1,2.6,24.2,483.1666666666667
411,62,36.0,77,561,442,4.8,7.9,3.3,1.6,2.6,23.33,466.0
447,61,36.0,78,544,381,4.8,7.1,3.2,2.0,4.7,24.41,379.6666666666667
445,60,64.0,78,540,382,4.8,7.2,3.2,1.9,4.7,24.35,370.3333333333333
398,60,33.0,78,507,382,4.7,7.3,3.3,1.9,4.7,22.94,372.0
401,60,32.0,78,508,384,4.8,7.5,3.2,1.6,4.7,23.03,371.6666666666667
270,60,32.0,78,500,499,4.8,8.1,3.2,1.1,4.8,19.1,358.5
270,62,32.0,78,541,480,4.9,7.7,3.4,0.9,2.6,19.1,430.6666666666667
370,60,31.0,77,523,388,4.9,6.9,3.2,1.5,4.7,22.1,364.1666666666667
462,62,32.0,82,549,431,5.0,8.1,3.3,1.8,2.6,24.86,464.0
185,60,32.0,89,502,451,5.2,8.4,3.2,0.7,3.0,16.55,420.3333333333333
176,61,33.0,89,510,431,4.9,8.9,3.2,0.6,3.0,16.28,401.1666666666667
160,60,32.0,89,517,463,5.4,8.5,3.4,0.4,3.0,15.8,425.6666666666667
150,61,31.0,89,507,429,4.9,8.7,3.4,0.4,2.9,15.5,400.6666666666667
200,60,31.0,84,526,460,5.4,9.0,3.4,0.5,2.9,17.0,430.0
190,61,31.0,84,518,464,5.0,8.8,3.4,0.5,2.9,16.7,411.3333333333333
225,60,32.0,85,558,458,5.4,9.1,3.4,0.6,2.9,17.75,433.0
208,61,31.0,85,511,466,5.0,8.7,3.4,0.6,2.8,17.24,442.6666666666667
190,60,31.0,84,565,458,5.4,8.7,2.9,0.7,2.9,16.7,428.6666666666667
198,61,31.0,85,508,465,4.9,8.8,3.4,0.6,2.8,16.94,429.0
200,60,31.0,85,550,460,5.5,8.6,3.0,0.7,2.9,17.0,426.5
210,61,31.0,85,505,465,5.0,8.7,3.4,0.6,2.8,17.3,429.8333333333333
170,61,32.0,84,528,462,5.4,9.0,3.4,0.6,3.0,16.1,433.3333333333333
180,61,31.0,85,524,466,4.5,8.8,3.4,0.5,2.8,16.4,421.5
217,62,32.0,88,560,464,5.3,8.8,3.4,0.7,2.9,17.51,445.5
219,61,30.0,87,524,469,4.8,8.6,3.4,0.7,2.6,17.57,426.6666666666667
179,61,31.0,85,549,467,5.3,8.7,3.4,0.5,3.0,16.37,432.1666666666667
170,61,31.0,85,508,464,4.7,8.8,3.5,0.4,2.9,16.1,410.5
201,61,32.0,88,552,453,5.4,8.7,3.5,0.7,3.0,17.03,432.3333333333333
201,61,30.0,88,524,467,4.7,8.7,3.4,0.6,2.7,17.03,420.3333333333333
290,61,32.0,78,532,464,5.3,8.8,3.5,0.9,3.0,19.7,335.6666666666667
300,60,33.0,88,528,408,5.2,8.8,3.2,0.9,3.2,20.0,433.3333333333333
177,61,32.0,86,541,466,5.2,9.2,3.6,0.9,2.9,16.31,430.8333333333333
174,61,30.0,85,517,466,4.8,8.6,3.4,0.6,2.6,16.22,412.0
260,62,32.0,83,540,440,5.3,9.0,3.5,0.9,2.9,18.8,438.3333333333333
287,62,30.0,83,557,461,4.7,8.9,3.4,0.8,2.5,19.61,447.0
205,61,32.0,86,537,470,5.3,8.9,3.5,0.9,2.8,17.15,437.8333333333333
189,61,30.0,85,515,469,4.7,8.8,3.4,0.5,2.8,16.67,413.8333333333333
209,61,31.0,86,517,467,5.4,8.8,3.5,0.9,2.8,17.27,446.6666666666667
205,61,31.0,86,557,473,4.8,8.9,3.4,0.6,2.8,17.15,421.6666666666667
206,61,31.0,83,590,474,5.3,8.3,3.4,0.6,2.9,17.18,444.5
226,60,32.0,82,494,418,4.9,8.4,3.3,0.8,4.8,17.78,360.0
198,61,32.0,82,549,468,5.3,7.7,2.9,0.6,2.9,16.94,436.3333333333333
199,60,31.0,80,487,415,5.0,8.0,3.3,0.6,4.8,16.97,352.8333333333333
310,61,32.0,80,550,480,5.2,7.8,3.0,1.1,3.0,20.3,437.5
389,59,36.0,87,549,405,5.1,7.8,3.3,1.9,2.2,22.67,435.0
379,62,34.0,98,550,440,4.6,7.6,3.3,1.5,2.5,22.37,455.1666666666667
374,62,34.0,101,549,443,4.6,7.9,3.3,1.4,2.5,22.22,453.6666666666667
400,62,33.0,100,550,445,4.5,7.8,3.2,1.4,2.5,23.0,418.3333333333333
410,62,38.0,98,561,413,5.1,7.7,3.5,1.7,2.6,23.3,446.6666666666667
425,61,38.0,101,557,416,5.1,8.9,3.4,1.7,2.6,23.75,452.5
389,61,39.0,96,549,416,5.1,7.6,3.4,1.6,2.6,22.67,442.1666666666667
252,61,36.0,98,532,435,5.1,7.8,3.4,0.9,2.7,18.56,423.3333333333333
250,60,35.0,95,502,422,5.0,7.4,3.4,0.9,4.7,18.5,365.5
240,61,34.0,96,517,436,5.1,8.0,3.5,0.8,2.7,18.2,422.0
227,60,31.0,94,503,417,5.0,7.5,3.4,0.8,4.7,17.81,359.0
220,61,33.0,102,526,435,5.1,8.4,3.5,0.8,2.7,17.6,420.8333333333333
225,60,31.0,100,500,422,5.0,8.0,3.4,0.8,4.7,17.75,361.6666666666667
216,61,35.0,96,528,440,5.1,8.1,3.4,0.8,2.7,17.48,423.1666666666667
217,60,33.0,94,495,422,5.0,7.3,3.4,0.8,4.7,17.51,361.5
429,61,34.0,95,546,380,4.7,7.3,3.2,2.0,4.6,23.87,376.8333333333333
498,61,42.0,96,556,381,4.8,7.2,3.2,2.2,4.7,25.94,384.5
433,60,36.0,94,507,382,4.8,7.3,3.2,1.8,4.7,23.99,376.1666666666667
408,60,34.0,96,508,382,4.8,6.8,3.3,1.7,4.7,23.24,372.8333333333333
487,61,40.0,95,548,374,4.7,7.0,3.2,2.2,4.6,25.61,382.1666666666667
383,60,36.0,98,501,389,4.7,7.1,3.3,1.7,4.7,22.49,363.3333333333333
375,60,37.0,98,498,377,4.8,7.0,3.2,1.7,4.7,22.25,365.1666666666667
416,60,37.0,97,500,380,4.8,7.2,3.3,1.6,4.7,23.48,365.5
462,60,40.0,94,540,374,4.7,7.1,3.2,2.1,4.6,24.86,376.5
200,59,31.0,98,483,397,4.8,7.4,3.5,0.8,4.8,17.0,340.3333333333333
200,61,32.0,98,532,461,4.7,7.6,3.6,0.7,4.6,17.0,417.8333333333333
135,59,30.0,101,469,401,4.9,7.9,3.4,0.6,4.8,15.05,350.5
123,61,30.0,105,527,453,4.6,8.2,3.6,0.7,2.5,14.69,418.0
200,59,30.0,102,500,427,5.2,9.3,3.6,0.6,4.7,17.0,405.8333333333333
194,59,30.0,102,480,408,5.0,9.3,3.5,0.7,4.7,16.82,345.1666666666667
150,60,31.0,105,507,427,5.1,8.3,3.6,0.6,2.7,15.5,413.5
180,59,30.0,103,482,408,5.0,8.4,3.5,0.6,4.7,16.4,344.6666666666667
229,61,31.0,103,506,429,5.0,8.2,3.7,0.4,2.7,17.87,415.8333333333333
255,60,30.0,101,483,413,5.0,8.2,3.2,0.8,4.7,18.65,350.1666666666667
198,60,31.0,95,507,424,5.0,7.7,3.6,0.7,2.7,16.94,405.3333333333333
202,59,30.0,94,480,408,5.0,7.6,3.5,0.7,4.7,17.06,347.5
373,61,33.0,99,539,402,4.9,8.2,3.5,1.5,2.6,22.19,410.8333333333333
405,62,31.0,98,542,431,4.5,8.2,3.6,1.5,2.5,23.15,450.3333333333333
369,62,31.0,101,536,430,4.5,8.2,3.6,1.5,2.5,22.07,438.3333333333333
174,59,30.0,103,456,406,5.0,7.9,3.5,0.6,4.9,16.22,336.8333333333333
179,61,30.0,108,513,456,4.5,8.0,3.7,0.4,2.6,16.37,406.8333333333333
269,59,30.0,98,474,400,4.9,7.9,3.5,1.0,4.8,19.07,358.0
223,62,30.0,102,533,465,4.3,7.9,3.6,0.8,2.5,17.69,423.1666666666667
223,62,30.0,102,533,465,4.3,7.9,3.6,0.8,2.5,17.69,423.3333333333333
288,59,30.0,96,507,397,4.8,7.9,3.5,1.3,4.7,19.64,350.8333333333333
261,61,30.0,100,556,456,4.2,8.2,3.6,0.6,2.3,18.83,430.1666666666667
209,59,30.0,95,482,405,4.8,7.9,3.4,0.8,4.8,17.27,346.1666666666667
208,62,30.0,100,528,456,4.0,8.1,3.7,0.7,2.2,17.24,415.6666666666667
213,59,30.0,96,486,400,4.8,7.9,3.5,0.8,4.7,17.39,347.8333333333333
205,62,31.0,100,528,456,3.6,8.1,3.7,0.6,2.0,17.15,413.1666666666667
198,61,31.0,100,514,430,4.9,8.1,3.6,0.7,2.7,16.94,409.6666666666667
180,60,30.0,99,486,416,4.9,8.0,3.0,0.6,4.7,16.4,350.3333333333333
197,61,31.0,100,520,427,4.9,8.1,3.6,0.8,2.6,16.91,429.6666666666667
208,60,30.0,98,508,414,4.9,7.9,2.7,0.9,4.6,17.24,344.0
173,60,31.0,99,497,428,4.6,8.4,3.6,0.6,2.6,16.19,407.3333333333333
173,59,30.0,96,476,416,4.9,8.3,2.7,0.6,4.6,16.19,348.6666666666667
189,60,31.0,99,509,427,4.8,8.3,3.6,0.7,2.6,16.67,406.6666666666667
209,60,30.0,98,489,411,4.8,8.2,2.7,0.7,4.6,17.27,366.0
202,59,30.0,92,489,418,4.8,7.4,2.6,0.7,4.6,17.06,348.8333333333333
195,61,30.0,96,537,470,5.0,7.4,3.6,0.5,2.9,16.85,414.5
426,60,43.0,90,507,381,4.6,7.3,2.8,1.8,4.5,23.78,373.3333333333333
419,60,43.0,90,509,381,4.6,7.1,2.6,1.8,4.5,23.57,372.1666666666667
410,60,43.0,91,510,390,4.6,7.6,2.5,1.8,4.5,23.3,374.0
388,60,34.0,95,512,389,4.6,7.1,3.3,1.8,4.4,22.64,369.0
426,60,39.0,100,520,383,4.5,8.7,3.2,1.9,4.4,23.78,375.8333333333333
443,60,42.0,84,516,389,4.6,7.2,3.1,1.8,4.4,24.29,376.8333333333333
219,61,33.0,95,515,406,4.5,7.1,3.4,1.9,4.4,17.57,354.0
463,62,35.0,104,583,441,4.9,7.3,3.5,1.9,2.7,24.89,464.8333333333333
216,61,34.0,104,507,430,4.8,7.6,3.5,0.8,2.6,17.48,417.3333333333333
221,60,33.0,103,506,420,4.7,7.5,3.5,0.8,4.4,17.63,363.1666666666667
176,61,33.0,110,494,428,4.7,8.1,3.6,0.6,2.6,16.28,403.8333333333333
187,60,32.0,108,490,420,4.7,8.1,3.4,0.6,4.4,16.61,352.3333333333333
431,61,40.0,108,551,389,4.4,6.6,3.2,1.9,4.3,23.93,379.8333333333333
469,61,40.0,110,527,434,4.3,7.6,3.3,2.1,4.2,25.07,386.6666666666667
485,61,38.0,106,529,390,4.3,6.8,3.3,2.2,4.2,25.55,389.8333333333333
468,61,41.0,109,557,386,4.3,6.7,3.3,2.0,4.2,25.04,381.6666666666667
440,61,39.0,102,549,383,4.3,7.1,2.8,2.0,4.2,24.2,377.3333333333333
496,61,41.0,103,534,399,4.3,7.0,2.6,2.3,4.2,25.88,388.3333333333333
464,61,41.0,104,528,399,4.3,6.8,3.1,2.0,4.1,24.92,384.1666666666667
470,61,37.0,105,366,533,4.2,6.4,2.9,2.2,4.0,25.1,393.0
479,61,37.0,104,565,388,4.2,6.5,2.5,2.3,4.1,25.37,389.5
465,60,40.0,100,528,388,4.2,7.0,2.9,2.1,4.1,24.95,384.3333333333333
431,60,40.0,100,526,388,4.2,7.0,2.9,2.1,4.1,23.93,377.8333333333333
501,62,37.0,107,575,414,4.8,7.0,3.2,2.0,2.7,26.03,422.0
498,62,37.0,108,574,414,4.8,7.8,3.5,2.0,2.7,25.94,421.3333333333333
444,62,36.0,102,550,414,4.9,7.3,3.5,1.8,2.7,24.32,408.6666666666667
447,62,36.0,102,549,414,4.9,7.3,3.5,1.7,2.7,24.41,407.1666666666667
470,62,36.0,105,560,410,4.8,7.1,3.5,1.8,2.7,25.1,408.0
487,62,37.0,408,569,407,4.8,7.2,3.5,2.1,2.7,25.61,415.6666666666667
501,62,38.0,109,554,408,4.8,7.4,3.5,2.1,2.7,26.03,412.3333333333333
503,62,38.0,108,553,407,4.8,7.1,3.5,2.1,2.7,26.09,418.6666666666667
430,62,36.0,109,562,409,4.9,7.0,3.5,1.8,2.7,23.9,410.1666666666667
490,62,37.0,108,570,403,4.8,7.2,3.5,2.2,2.7,25.7,413.5
499,62,38.0,109,558,408,4.8,7.3,3.5,2.3,2.7,25.97,421.5
492,62,36.0,108,549,406,4.8,7.0,3.5,2.0,2.7,25.76,419.0
461,62,36.0,107,566,406,4.8,7.2,3.5,2.0,2.7,24.83,414.6666666666667
416,62,35.0,106,557,407,4.8,7.4,3.5,1.7,2.7,23.48,404.8333333333333
242,60,0.8,102,490,409,4.3,8.0,3.4,0.8,4.2,18.26,354.3333333333333
200,62,0.7,106,509,441,5.0,8.1,3.6,0.6,2.8,17.0,391.3333333333333
300,60,34.0,102,530,450,4.0,8.2,3.3,1.4,4.0,20.0,391.6666666666667
180,60,34.0,101,480,413,4.1,8.0,3.2,0.6,4.0,16.4,351.6666666666667
198,61,34.0,104,524,444,5.0,8.2,3.3,0.6,2.8,16.94,396.8333333333333
354,62,33.0,106,548,415,4.9,8.0,3.3,1.4,2.7,21.62,400.0
186,61,34.0,104,468,414,4.2,8.0,3.2,0.5,2.7,16.58,346.8333333333333
188,61,34.0,106,512,442,5.0,8.1,3.3,0.5,2.9,16.64,392.3333333333333
283,62,33.0,105,521,431,4.9,8.0,3.3,1.0,2.7,19.49,400.0
130,60,34.0,103,503,414,4.1,7.7,3.2,0.5,5.1,14.9,337.3333333333333
125,61,34.0,107,493,478,5.0,8.1,3.3,0.4,3.0,14.75,382.3333333333333
258,61,34.0,105,531,430,5.0,8.1,3.3,0.9,2.8,18.74,399.5
146,61,34.0,102,449,416,4.0,8.0,3.1,0.6,5.0,15.38,345.0
133,61,34.0,105,490,436,4.9,8.2,3.3,0.4,3.0,14.99,382.1666666666667
159,60,33.0,101,442,413,3.8,7.9,3.4,0.5,5.0,15.77,346.0
140,61,34.0,104,480,432,5.0,8.3,3.5,0.4,3.0,15.2,381.6666666666667
161,60,36.0,100,514,457,3.6,7.8,2.8,0.7,4.9,15.83,342.6666666666667
159,61,34.0,103,517,445,4.9,8.2,3.5,0.5,3.0,15.77,389.5
360,62,34.0,105,551,414,4.8,7.9,3.5,1.4,2.6,21.8,401.1666666666667
183,61,35.0,108,516,433,4.8,8.3,3.5,0.8,2.6,16.49,415.1666666666667
221,62,34.0,109,518,452,4.8,8.2,3.5,0.5,2.7,17.63,404.5
424,62,35.0,106,533,406,4.8,8.1,3.4,1.6,2.6,23.72,405.6666666666667
230,61,35.0,108,506,431,4.7,8.2,3.5,0.8,2.5,17.9,416.5
270,61,33.0,109,524,444,4.9,8.2,3.6,0.7,2.5,19.1,405.6666666666667
200,61,35.0,101,508,432,4.7,8.3,3.5,0.8,2.5,17.0,411.3333333333333
210,62,34.0,105,532,448,4.8,8.2,3.5,0.6,2.7,17.3,400.5
237,62,35.0,107,528,434,4.7,8.3,3.5,0.9,2.4,18.11,426.6666666666667
225,62,34.0,109,517,495,4.8,8.0,3.5,0.7,2.7,17.75,400.8333333333333
223,61,34.0,108,523,431,4.7,8.5,3.5,0.7,2.5,17.69,421.3333333333333
193,61,34.0,109,512,443,4.8,8.2,3.5,0.6,2.6,16.79,399.0
171,61,34.0,104,501,436,4.5,8.4,3.6,0.6,2.5,16.13,411.1666666666667
167,60,33.0,103,537,430,5.2,8.2,3.0,0.6,2.6,16.01,360.3333333333333
232,61,34.0,102,517,433,4.5,8.3,3.5,0.9,2.4,17.96,418.6666666666667
272,60,33.0,102,553,426,5.2,7.9,3.1,0.8,5.6,19.16,353.6666666666667
179,60,33.0,104,459,423,5.2,8.2,3.2,0.5,5.6,16.37,353.5
181,61,33.0,107,502,444,4.9,8.0,3.5,0.5,2.8,16.43,394.6666666666667
179,60,33.0,103,456,420,5.2,8.2,3.3,0.5,5.6,16.37,352.8333333333333
189,61,33.0,106,506,443,4.8,8.0,3.6,0.6,2.7,16.67,396.0
208,60,33.0,102,534,423,5.1,8.0,3.0,0.7,5.6,17.24,357.1666666666667
425,61,33.0,104,525,448,4.8,8.1,3.5,0.6,2.7,23.75,365.8333333333333
188,60,32.0,102,517,418,5.2,8.0,3.9,0.4,5.6,16.64,348.5
177,61,33.0,105,512,449,4.8,8.0,3.5,0.5,2.8,16.31,396.6666666666667
176,60,33.0,102,465,425,5.1,8.0,3.1,0.6,5.6,16.28,361.6666666666667
216,62,33.0,104,515,453,4.7,8.0,3.5,0.6,2.7,17.48,408.8333333333333
182,60,33.0,107,761,424,5.1,7.9,3.0,0.7,5.5,16.46,352.3333333333333
251,61,33.0,110,507,448,4.7,7.8,3.5,0.7,2.7,18.53,408.5
255,60,33.0,107,559,414,5.0,7.8,2.7,1.2,5.5,18.65,383.3333333333333
273,62,33.0,110,533,419,4.6,8.0,3.5,1.3,2.6,19.19,398.5
230,60,32.0,107,533,422,5.1,8.1,2.6,0.7,2.3,17.9,358.6666666666667
229,61,32.0,110,524,440,4.7,8.0,2.5,0.6,2.6,17.87,402.6666666666667
252,60,33.0,108,473,424,5.1,7.9,3.0,0.8,5.5,18.56,368.1666666666667
297,61,33.0,110,515,438,4.7,8.0,3.5,0.8,2.5,19.91,403.0
207,60,33.0,108,458,442,5.1,8.0,3.0,0.9,5.5,17.21,356.3333333333333
227,61,33.0,111,506,443,4.7,8.0,3.5,0.6,2.6,17.81,401.6666666666667
211,60,32.0,103,529,411,5.1,8.1,3.0,1.0,5.3,17.33,350.5
209,61,32.0,106,525,441,4.6,8.1,3.6,0.7,2.6,17.27,400.0
435,62,32.0,99,551,405,4.5,7.9,3.5,1.6,2.5,24.05,405.8333333333333
252,60,31.0,101,469,417,5.1,7.5,2.6,0.9,5.5,18.56,363.8333333333333
248,52,30.0,104,504,433,4.6,7.9,3.5,0.9,2.5,18.44,400.3333333333333
425,63,34.0,104,531,401,4.4,7.8,3.5,1.7,2.5,23.75,407.1666666666667
247,60,32.0,104,539,415,5.1,7.5,3.1,0.8,5.5,18.41,352.1666666666667
252,61,32.0,107,528,421,4.5,8.2,3.6,0.8,2.5,18.56,394.1666666666667
500,60,32.0,105,560,392,4.9,7.7,2.6,1.7,5.5,26.0,371.5
285,61,36.0,105,476,416,5.0,8.0,2.6,1.1,5.5,19.55,369.3333333333333
354,60,31.0,104,489,368,5.0,8.0,2.4,1.4,5.5,21.62,373.0
345,60,31.0,104,557,399,5.0,8.0,2.5,1.4,5.5,21.35,374.1666666666667
386,62,32.0,109,542,309,4.4,8.0,3.5,1.6,2.5,22.58,399.5
366,62,32.0,109,517,406,4.5,8.2,3.5,1.4,2.5,21.98,397.3333333333333
384,62,32.0,109,524,394,4.4,8.1,3.5,1.7,2.5,22.52,397.8333333333333
366,62,33.0,107,546,405,4.3,8.0,3.5,1.7,2.4,21.98,396.8333333333333
408,62,35.0,106,545,396,4.3,7.9,3.5,1.7,2.4,23.24,400.5
350,62,34.0,107,511,400,4.3,8.0,3.5,1.4,2.4,21.5,394.5
373,62,39.0,106,515,393,4.3,8.1,3.5,1.7,2.4,22.19,398.6666666666667
544,60,38.0,107,545,393,5.0,7.8,2.6,1.3,5.5,27.32,371.3333333333333
359,59,31.0,106,546,393,5.1,7.8,2.4,1.4,5.5,21.77,372.3333333333333
387,60,32.0,104,448,392,5.0,8.0,2.6,1.6,5.5,22.61,378.6666666666667
400,61,31.0,108,507,396,5.0,7.7,2.7,1.6,5.5,23.0,383.3333333333333
303,61,31.0,118,531,410,4.3,8.1,3.5,1.2,2.4,20.09,391.0
190,62,32.0,115,545,441,4.4,8.1,3.5,0.6,2.4,16.7,418.5
193,61,30.0,115,495,434,4.2,7.6,3.5,0.6,2.3,16.79,387.0
355,62,35.0,109,512,402,4.0,7.7,3.5,1.4,2.3,21.65,394.5
336,62,32.0,115,536,406,4.0,8.0,3.5,1.3,2.2,21.08,393.5
346,61,36.0,115,540,402,3.9,7.9,3.6,1.3,2.2,21.38,393.1666666666667
201,62,31.0,113,533,436,4.3,8.6,3.6,0.7,2.3,17.03,414.8333333333333
193,62,30.0,114,498,435,3.8,7.9,3.6,0.5,2.1,16.79,384.8333333333333
406,62,37.0,110,561,411,4.1,7.0,3.4,1.8,2.0,23.18,451.6666666666667
195,61,32.0,111,485,415,4.0,8.4,3.5,0.6,2.2,16.85,394.5
210,62,31.0,108,507,436,3.8,8.2,3.5,0.6,2.1,17.3,391.6666666666667
245,61,32.0,106,524,415,4.0,8.1,3.5,0.8,2.1,18.35,402.6666666666667
250,59,30.0,105,517,517,5.2,8.0,3.2,0.8,5.5,18.5,362.3333333333333
240,61,32.0,106,524,415,4.0,8.0,3.6,0.8,2.1,18.2,403.1666666666667
235,59,30.0,105,518,516,5.2,8.1,3.2,0.8,5.5,18.05,361.6666666666667
