EXHAUST TEMP 1,EXHAUST TEMP 2,EXHAUST TEMP 3,EXHAUST TEMP 4,EXHAUST TEMP 5,EXHAUST TEMP 6,KW,AMP,FREQ,LO IN TEMP,CPW IN TEMP,CPW OUT TEMP,SCAV TEMP,FO TEMP,TC IN TEMP,TC OUT TEMP,LO PRESS,FO PRESS,CW PRESS,SCAV AIR PRESS,TC LO PRESS,Rack Index,AvgEGT
395.0,375,402,423,395.0,444.0,314,567,60,62,32,46,35.0,104,521,372,4.9,8.0,1.9,1.6,3.0,20.42,405.6666666666667
386.0,375,401,423,395.0,443.0,352,567,60,61,32,47,35.0,105,521,371,4.9,8.1,1.9,1.6,2.9,21.56,403.8333333333333
390.0,388,400,415,399.0,445.0,312,541,60,62,32,49,34.0,106,523,381,4.9,8.1,1.9,1.6,3.0,20.36,406.1666666666667
355.0,69,410,410,367.0,432.0,312,516,60,62,32,47,35.0,103,523,374,4.9,7.9,1.9,1.4,5.1,20.36,340.5
380.0,365,410,410,366.0,431.0,312,511,60,61,32,47,34.0,103,523,373,4.9,7.9,1.9,1.4,5.1,20.36,393.6666666666667
385.0,375,405,411,371.0,426.0,313,510,60,61,32,49,35.0,104,521,381,4.9,7.9,1.9,1.4,5.1,20.39,395.5
393.0,374,382,410,370.0,432.0,304,481,60,61,32,74,34.0,105,517,379,5.1,7.8,1.9,1.3,3.9,20.12,393.5
393.0,374,381,415,369.0,432.0,305,499,60,61,32,48,34.0,105,518,379,5.0,7.7,1.9,1.3,3.9,20.15,394.0
394.0,381,391,423,372.0,435.0,313,507,60,61,32,47,34.0,106,523,379,5.0,7.5,1.9,1.3,3.9,20.39,399.3333333333333
389.0,361,387,393,377.0,406.0,182,245,60,60,32,47,34.0,102,458,406,4.9,6.7,1.9,0.5,4.0,16.46,385.5
408.0,407,400,372,377.0,390.0,161,347,60,62,33,35,34.0,103,492,442,5.1,7.3,1.9,0.5,5.6,15.83,392.3333333333333
389.0,357,329,389,374.0,399.0,151,312,60,62,52,58,33.0,103,489,401,4.63,7.6,3.2,0.5,2.7,15.53,372.8333333333333
399.0,386,384,354,370.0,377.0,171,230,60,62,52,58,33.0,104,469,458,3.7,8.1,3.3,0.5,2.7,16.13,378.3333333333333
397.0,406,390,394,388.0,422.0,343,554,60,62,32,37,33.0,104,509,394,4.8,7.9,1.9,1.4,5.6,21.29,399.5
389.0,389,361,344,386.0,397.0,181,299,60,60,32,44,33.0,102,483,393,3.9,7.6,1.9,0.7,2.3,16.43,377.6666666666667
398.0,394,385,382,374.0,371.0,180,287,60,61,35,46,33.0,103,475,430,5.0,8.3,1.9,0.5,2.9,16.4,384.0
411.0,390,355,413,393.0,419.0,167,247,60,57,32,44,35.0,104,405,304,5.6,7.7,1.9,0.4,3.6,16.01,396.8333333333333
403.0,391,394,365,376.0,394.0,153,297,60,61,32,35,34.0,105,487,432,4.9,8.3,1.9,0.5,2.9,15.59,387.1666666666667
379.0,366,346,385,367.0,399.0,166,233,60,60,35,53,33.0,104,490,403,4.8,7.5,3.2,0.4,2.7,15.98,373.6666666666667
414.0,394,382,384,365.0,381.0,143,299,60,61,33,54,33.0,104,489,403,5.2,8.1,3.3,0.7,2.7,15.29,386.6666666666667
380.0,370,350,375,365.0,401.0,170,234,60,60,33,46,33.0,104,449,401,4.8,7.5,2.2,0.6,2.7,16.1,373.5
391.0,383,363,369,372.0,377.0,172,256,60,61,33,35,33.0,105,480,431,5.1,8.2,3.3,0.5,3.1,16.16,375.8333333333333
396.0,361,330,389,379.0,405.0,164,294,60,61,32,45,32.0,103,441,398,4.3,7.7,1.9,0.5,2.2,15.92,376.6666666666667
386.0,383,382,363,369.0,379.0,141,255,60,61,33,35,33.0,104,446,427,4.7,8.2,1.9,0.5,3.1,15.23,377.0
393.0,361,340,391,379.0,401.0,158,284,60,60,32,46,33.0,104,447,399,3.9,7.7,1.9,0.5,2.2,15.74,377.5
391.0,386,382,371,371.0,382.0,160,262,60,61,33,35,33.0,105,447,430,5.1,8.2,1.9,0.5,3.1,15.8,380.5
385.0,368,357,423,479.0,443.0,396,638,60,60,32,49,36.0,99,495,361,5.3,6.7,1.9,1.8,3.0,22.88,409.1666666666667
384.0,364,355,420,367.0,432.0,358,564,60,60,32,49,34.0,100,508,369,5.3,6.7,1.9,1.8,3.0,21.74,387.0
383.0,365,354,423,373.0,441.0,401,623,60,60,32,49,35.0,99,491,364,5.3,6.7,1.9,1.8,3.0,23.03,389.8333333333333
381.0,360,364,420,368.0,434.0,328,552,60,60,32,40,34.0,99,514,369,5.2,6.7,3.1,1.6,2.9,20.84,387.8333333333333
405.0,368,359,402,389.0,420.0,224,329,60,60,32,47,33.0,101,473,398,5.3,6.6,1.9,0.8,3.0,17.72,390.5
425.0,408,401,391,397.0,406.0,226,399,60,60,33,36,33.0,102,509,432,4.9,7.2,1.8,0.8,2.7,17.78,404.6666666666667
399.0,372,355,408,385.0,420.0,228,400,60,60,32,47,33.0,86,469,397,5.2,6.8,1.9,0.9,2.9,17.84,389.8333333333333
417.0,398,378,397,393.0,405.0,227,327,60,62,33,34,33.0,87,484,428,4.2,7.6,1.9,0.7,2.3,17.81,398.0
399.0,372,355,408,385.0,420.0,338,420,60,60,32,47,33.0,86,469,397,5.2,6.8,1.9,0.9,2.9,21.14,389.8333333333333
417.0,398,378,397,393.0,405.0,227,327,60,62,33,34,33.0,87,501,428,5.2,7.6,1.9,0.7,2.3,17.81,398.0
386.0,367,347,406,396.0,416.0,277,412,60,60,32,47,33.0,56,492,351,5.8,7.7,3.2,1.2,2.8,19.31,386.3333333333333
410.0,411,397,393,397.0,407.0,288,439,60,62,32,46,33.0,86,493,419,4.5,8.5,3.4,1.0,2.8,19.64,402.5
388.0,361,348,399,373.0,413.0,246,376,60,60,32,47,33.0,93,467,389,5.1,7.6,1.9,0.9,2.9,18.38,380.3333333333333
425.0,413,397,388,389.0,397.0,244,425,60,61,33,36,33.0,94,507,425,5.1,8.0,1.9,0.9,2.8,18.32,401.5
473.0,386,340,391,379.0,401.0,185,300,60,60,32,46,32.0,101,453,399,5.1,7.7,1.9,0.7,2.2,16.55,395.0
399.0,367,354,406,385.0,420.0,242,325,60,60,32,49,30.0,79,465,395,4.6,8.4,1.9,0.8,2.7,18.26,388.5
491.0,425,406,402,407.0,416.0,272,465,60,61,32,35,30.0,80,514,439,5.0,7.6,1.9,0.8,2.8,19.16,424.5
399.0,367,356,406,385.0,420.0,242,325,60,60,32,47,33.0,79,465,394,4.6,7.4,1.9,0.8,2.6,18.26,388.8333333333333
431.0,425,406,402,407.0,4016.0,232,408,60,61,32,35,33.0,80,516,439,5.0,7.6,1.9,0.8,2.98,17.96,1014.5
391.0,397,352,416,367.0,433.0,394,618,60,60,32,48,35.0,76,495,361,4.2,6.9,1.9,1.7,2.4,22.82,392.6666666666667
396.0,364,351,403,382.0,414.0,229,233,60,61,32,47,33.0,79,468,394,4.3,6.8,1.9,0.8,2.5,17.87,385.0
424.0,422,402,399,406.0,413.0,320,464,60,62,32,34,33.0,80,518,436,5.0,7.4,1.9,0.8,2.8,20.6,411.0
485.0,364,355,406,364.0,423.0,364,381,60,60,32,48,35.0,84,495,346,5.1,6.7,1.9,1.6,2.8,21.92,399.5
386.0,366,352,417,371.0,439.0,402,459,60,60,32,49,36.0,86,487,356,4.2,6.5,1.9,1.9,2.4,23.06,388.5
386.0,368,355,409,363.0,423.0,335,560,60,60,32,47,35.0,95,486,368,4.9,7.3,1.9,0.4,2.8,21.05,384.0
398.0,372,351,396,388.0,406.0,173,286,60,61,32,35,33.0,94,404,406,5.1,7.6,1.9,0.6,2.9,16.19,385.1666666666667
407.0,394,388,394,386.0,398.0,170,301,60,61,32,35,33.0,94,481,435,5.1,8.2,1.9,0.5,3.0,16.1,394.5
381.0,360,351,406,358.0,423.0,353,547,60,60,32,48,35.0,94,400,359,4.9,7.4,1.9,1.5,2.8,21.59,379.8333333333333
397.0,366,338,391,385.0,406.0,182,279,60,60,32,46,33.0,95,478,402,5.0,7.3,1.9,0.4,3.0,16.46,380.5
406.0,396,394,398,390.0,405.0,177,313,60,61,33,35,33.0,96,477,432,4.7,8.0,1.9,0.6,2.7,16.31,398.1666666666667
361.0,314,340,341,341.0,386.0,266,345,60,59,31,44,33.0,94,466,374,4.9,7.9,1.9,1.2,2.8,18.98,347.1666666666667
410.0,403,384,391,391.0,398.0,194,259,60,61,32,45,32.0,95,466,426,5.1,8.1,1.8,0.8,2.8,16.82,396.1666666666667
389.0,365,355,390,385.0,407.0,192,378,60,60,32,46,33.0,91,459,396,4.9,7.5,1.9,0.7,2.8,16.76,381.8333333333333
414.0,397,388,397,392.0,399.0,197,280,60,61,33,36,33.0,92,500,431,5.2,8.3,1.9,0.6,3.0,16.91,397.8333333333333
390.0,364,351,400,394.0,415.0,264,485,60,60,32,46,33.0,85,466,391,4.7,7.7,1.9,0.6,2.7,18.92,385.6666666666667
392.0,381,361,350,352.0,358.0,286,406,60,62,32,35,33.0,87,479,413,3.6,8.3,2.0,0.8,2.0,19.58,365.6666666666667
373.0,347,326,384,377.0,406.0,191,311,60,60,32,46,33.0,91,480,394,4.8,7.5,1.9,0.8,2.7,16.73,368.8333333333333
393.0,392,373,365,371.0,388.0,187,289,60,61,32,35,33.0,92,483,431,5.1,8.2,1.9,0.5,3.0,16.61,380.3333333333333
382.0,357,346,397,373.0,407.0,238,386,60,60,31,46,33.0,96,477,382,4.6,7.9,1.9,0.9,2.6,18.14,377.0
422.0,422,393,382,386.0,399.0,224,362,60,61,32,35,33.0,98,489,425,4.0,8.5,1.9,0.8,2.7,17.72,400.6666666666667
368.0,339,318,374,369.0,389.0,244,419,60,60,31,46,33.0,91,470,382,4.8,7.6,1.9,0.9,2.7,18.32,359.5
433.0,434,416,403,418.0,432.0,281,430,60,61,32,35,33.0,92,483,438,5.2,8.2,1.9,0.6,3.0,19.43,422.6666666666667
386.0,359,347,393,367.0,396.0,164,354,60,60,31,46,33.0,90,486,389,4.8,7.4,1.9,0.7,2.7,15.92,374.6666666666667
407.0,405,392,381,400.0,415.0,157,280,60,61,32,35,33.0,91,483,433,5.1,8.2,1.9,0.5,3.0,15.71,400.0
388.0,355,375,403,381.0,394.0,175,215,60,60,31,45,33.0,94,439,394,4.7,7.6,1.9,0.4,2.8,16.25,382.6666666666667
391.0,397,384,377,377.0,388.0,168,358,60,61,32,38,33.0,98,447,431,4.7,8.4,1.9,0.5,2.1,16.04,385.6666666666667
388.0,355,325,403,381.0,381.0,168,215,60,60,31,45,33.0,96,439,396,4.7,7.6,1.9,0.5,2.8,16.04,372.1666666666667
399.0,397,384,377,379.0,388.0,168,359,60,61,32,35,33.0,98,486,431,4.7,8.3,1.9,0.5,3.1,16.04,387.3333333333333
388.0,355,327,382,382.0,381.0,182,200,60,60,32,46,33.0,94,436,396,4.7,7.7,1.9,0.5,2.8,16.46,369.1666666666667
399.0,396,384,374,372.0,388.0,162,335,60,61,37,35,33.0,96,474,431,5.1,8.4,1.9,0.5,3.1,15.86,385.5
388.0,355,327,382,382.0,398.0,182,236,60,60,32,46,33.0,94,436,396,4.71,7.7,1.9,0.5,2.8,16.46,372.0
399.0,396,384,373,372.0,388.0,169,383,60,61,33,35,33.0,96,483,431,5.1,8.4,1.9,0.5,3.1,16.07,385.3333333333333
384.0,355,344,414,523.0,430.0,337,588,60,60,32,48,35.0,96,494,356,6.1,6.8,1.8,1.7,2.4,21.11,408.3333333333333
388.0,354,344,394,380.0,413.0,222,383,60,60,31,46,33.0,94,483,391,4.6,7.1,1.9,0.8,2.5,17.66,378.8333333333333
426.0,420,397,388,391.0,406.0,217,346,60,61,32,35,33.0,96,497,434,4.9,8.2,2.0,0.7,2.7,17.51,404.6666666666667
381.0,357,346,411,352.0,425.0,350,571,60,61,49,35,33.0,95,492,356,4.4,6.9,1.9,1.7,2.5,21.5,378.6666666666667
394.0,359,347,399,379.0,416.0,225,386,60,60,32,46,33.0,96,486,390,4.4,7.4,1.9,0.8,2.5,17.75,382.3333333333333
425.0,416,398,391,394.0,410.0,228,350,60,61,32,36,33.0,98,498,432,4.9,7.8,1.9,0.8,2.7,17.84,405.6666666666667
390.0,361,350,398,376.0,414.0,225,317,60,60,31,45,33.0,98,481,397,4.2,7.8,1.9,0.7,2.4,17.75,381.5
418.0,406,394,392,391.0,397.0,225,439,60,59,31,33,31.0,160,449,419,4.7,8.5,1.9,0.7,3.0,17.75,399.6666666666667
397.0,365,341,402,384.0,414.0,185,284,60,60,32,46,33.0,101,491,409,5.5,7.5,1.9,0.5,3.3,16.55,383.8333333333333
401.0,396,394,392,389.0,400.0,174,314,60,61,32,35,33.0,102,483,438,4.5,8.3,1.9,0.5,3.3,16.22,395.3333333333333
385.0,357,341,390,371.0,402.0,167,270,60,60,29,43,32.0,98,475,400,4.1,7.8,1.9,0.6,2.4,16.01,374.3333333333333
389.0,357,351,401,421.0,403.0,174,303,60,61,33,43,32.0,98,474,401,4.6,8.1,1.9,0.6,3.0,16.22,387.0
391.0,366,351,423,364.0,440.0,330,541,60,60,32,49,36.0,101,512,367,5.5,7.5,1.9,1.7,3.0,20.9,389.1666666666667
391.0,351,356,401,381.0,415.0,235,381,60,60,32,48,34.0,100,509,374,5.6,7.5,1.9,1.7,3.0,18.05,382.5
391.0,351,356,401,381.0,430.0,241,391,60,61,33,48,33.0,101,500,401,4.3,7.6,1.9,1.9,2.8,18.23,385.0
397.0,368,347,402,382.0,413.0,175,268,60,60,32,46,33.0,101,486,409,5.5,6.6,1.8,0.5,3.3,16.25,384.8333333333333
408.0,405,393,388,374.0,409.0,167,333,60,62,32,35,33.0,102,490,442,4.4,7.2,1.9,0.5,2.5,16.01,396.1666666666667
384.0,371,357,416,369.0,440.0,344,526,60,61,31,47,33.0,101,499,394,5.4,7.3,1.5,1.9,3.0,21.32,389.5
399.0,369,342,400,381.0,416.0,186,296,60,60,32,46,33.0,101,504,408,5.5,6.5,1.8,0.6,3.2,16.58,384.5
416.0,410,394,388,380.0,403.0,181,344,60,62,33,45,33.0,102,404,441,4.3,7.4,1.8,0.6,2.5,16.43,398.5
394.0,364,335,397,388.0,414.0,168,234,60,60,31,45,33.0,102,489,409,5.6,7.3,1.9,0.5,3.3,16.04,382.0
416.0,416,405,396,388.0,411.0,172,394,60,61,32,35,33.0,104,491,445,5.1,7.5,1.9,0.5,3.1,16.16,405.3333333333333
394.0,341,335,397,388.0,411.0,169,235,60,61,31,45,33.0,103,488,409,5.6,7.3,1.9,0.5,3.3,16.07,377.6666666666667
413.0,411,397,392,385.0,408.0,182,391,60,61,32,36,33.0,103,491,446,5.1,7.5,1.9,0.5,3.1,16.46,401.0
396.0,361,330,397,385.0,416.0,161,224,60,60,31,45,33.0,103,487,409,5.6,7.3,1.9,0.5,3.3,15.83,380.8333333333333
401.0,406,394,380,375.0,400.0,153,366,60,61,32,34,33.0,104,490,443,5.1,7.5,1.9,0.5,3.1,15.59,392.6666666666667
397.0,373,357,416,382.0,434.0,234,406,60,60,31,46,33.0,102,499,398,5.5,7.6,1.9,0.8,3.1,18.02,393.1666666666667
422.0,422,402,388,396.0,410.0,221,346,60,61,32,35,33.0,104,498,433,4.9,8.2,1.9,0.8,2.7,17.63,406.6666666666667
393.0,360,329,396,377.0,408.0,158,219,60,57,32,35,33.0,103,481,407,5.6,7.4,3.3,0.5,3.4,15.74,377.1666666666667
396.0,393,385,374,376.0,393.0,196,225,60,60,32,54,33.0,104,481,363,5.1,8.2,3.3,0.5,3.0,16.88,386.1666666666667
397.0,365,364,407,382.0,430.0,301,602,60,60,32,46,33.0,99,474,405,5.5,6.8,1.8,0.8,3.1,20.03,390.8333333333333
396.0,398,340,414,373.0,442.0,393,634,60,60,32,48,35.0,98,504,340,5.9,6.4,1.8,1.8,3.0,22.79,393.8333333333333
399.0,363,361,410,377.0,432.0,234,364,60,60,32,47,34.0,99,493,399,5.5,6.7,1.9,0.8,3.1,18.02,390.3333333333333
427.0,419,402,391,397.0,408.0,235,415,60,62,33,36,33.0,101,500,435,4.9,7.3,1.9,0.8,2.7,18.05,407.3333333333333
391.0,372,360,423,379.0,448.0,367,579,60,60,32,49,36.0,100,509,360,5.4,6.6,1.9,1.8,3.0,22.01,395.5
419.0,419,397,385,384.0,406.0,199,339,60,60,32,35,33.0,103,495,440,4.6,7.3,1.9,0.6,2.6,16.97,401.6666666666667
395.0,366,358,397,382.0,416.0,193,310,60,60,32,46,33.0,101,489,406,5.5,6.9,1.8,0.6,3.2,16.79,385.6666666666667
355.0,364,355,414,355.0,346.0,335,566,60,60,33,48,35.0,101,498,365,5.4,6.7,3.1,1.5,3.0,21.05,364.8333333333333
392.0,345,355,417,365.0,449.0,376,630,60,60,32,40,35.0,99,498,341,5.4,6.6,1.9,1.7,3.0,22.28,387.1666666666667
391.0,365,360,397,374.0,427.0,222,366,60,60,32,46,33.0,103,485,397,5.5,7.5,1.9,0.8,3.1,17.66,385.6666666666667
415.0,413,398,390,398.0,411.0,232,406,60,61,32,35,33.0,105,491,431,4.9,8.2,1.9,0.7,2.7,17.96,404.1666666666667
393.0,369,349,405,374.0,420.0,228,351,60,52,33,50,52.0,102,487,392,5.5,7.6,1.9,0.9,3.1,17.84,385.0
416.0,414,697,381,397.0,411.0,227,359,60,52,33,54,33.0,103,493,407,5.2,8.4,3.2,0.8,2.8,17.81,452.6666666666667
386.0,361,329,394,381.0,415.0,155,285,60,60,32,45,33.0,103,475,405,5.5,7.7,1.9,0.5,3.3,15.65,377.6666666666667
391.0,394,383,364,368.0,391.0,146,235,60,61,32,35,30.0,105,474,432,5.1,8.4,1.9,0.4,3.1,15.38,381.8333333333333
385.0,348,352,423,344.0,455.0,380,418,660,60,32,48,35.0,97,498,358,5.4,6.6,2.3,1.5,3.0,22.4,384.5
386.0,366,357,419,357.0,447.0,380,608,60,60,32,48,35.0,98,495,344,5.4,6.6,1.9,1.7,3.0,22.4,388.6666666666667
391.0,366,357,417,357.0,444.0,350,568,60,60,32,48,35.0,99,498,364,5.4,6.6,1.9,1.5,3.0,21.5,388.6666666666667
394.0,366,347,394,382.0,415.0,195,267,60,59,31,46,33.0,103,481,405,5.5,6.7,1.9,0.6,3.2,16.85,383.0
406.0,406,391,385,380.0,407.0,188,362,60,62,32,35,33.0,104,486,343,4.1,7.6,2.0,0.6,2.3,16.64,395.8333333333333
397.0,369,360,417,361.0,448.0,353,578,60,60,32,59,35.0,102,508,369,5.4,6.4,3.3,1.5,3.0,21.59,392.0
393.0,373,361,428,373.0,459.0,418,567,60,60,32,49,36.0,102,510,365,5.3,6.4,1.9,1.8,3.0,23.54,397.8333333333333
396.0,37,369,425,377.0,458.0,409,661,60,61,32,49,36.0,103,515,344,3.4,6.9,1.9,1.9,3.0,23.27,343.6666666666667
397.0,380,369,435,388.0,467.0,400,653,60,60,32,49,36.0,102,515,365,5.3,6.9,1.8,1.9,3.0,23.0,406.0
398.0,379,371,432,385.0,465.0,410,668,60,61,32,49,36.0,102,515,365,5.3,6.9,1.8,2.0,3.0,23.3,405.0
408.0,388,376,451,379.0,466.0,373,612,60,61,32,49,39.0,103,521,377,5.4,7.2,1.9,1.7,3.0,22.19,411.3333333333333
406.0,374,368,426,377.0,462.0,414,651,60,61,55,61,37.0,104,516,367,5.4,8.3,3.1,1.8,3.0,23.42,402.1666666666667
405.0,390,377,449,386.0,477.0,419,675,60,61,32,59,40.0,103,504,373,5.3,7.2,1.9,2.0,3.0,23.57,414.0
420.0,417,409,424,400.0,482.0,433,691,60,62,33,39,35.0,104,515,389,4.9,7.3,2.0,2.0,2.7,23.99,425.3333333333333
419.0,420,408,430,412.0,478.0,432,694,60,62,33,39,36.0,103,516,360,4.8,7.3,1.9,2.0,2.7,23.96,427.8333333333333
407.0,385,379,447,382.0,468.0,374,602,60,61,32,49,40.0,103,521,377,5.3,7.5,1.9,1.7,3.0,22.22,411.3333333333333
402.0,399,388,458,403.0,487.0,437,692,60,61,32,51,39.0,104,532,374,5.2,7.1,1.8,2.1,2.9,24.11,422.8333333333333
413.0,390,383,456,389.0,469.0,390,621,60,58,32,55,36.0,103,531,389,5.3,7.1,3.1,1.6,3.0,22.7,416.6666666666667
420.0,369,402,422,416.0,407.0,203,370,60,61,33,48,34.0,104,516,427,5.3,7.2,1.7,0.7,3.0,17.09,406.0
416.0,407,407,405,385.0,433.0,222,347,60,62,34,37,34.0,105,510,444,4.9,7.6,1.8,0.7,2.7,17.66,408.8333333333333
414.0,403,409,462,402.0,456.0,426,685,60,61,33,51,38.0,101,537,386,5.2,7.4,3.1,1.9,2.9,23.78,424.3333333333333
414.0,407,410,480,412.0,460.0,237,378,60,61,32,48,36.0,103,521,400,5.2,7.2,1.7,0.8,3.0,18.11,430.5
415.0,408,409,407,389.0,442.0,241,368,60,62,32,36,36.0,104,528,389,4.8,7.3,1.8,0.9,2.7,18.23,411.6666666666667
400.0,406,411,458,399.0,456.0,393,638,60,61,33,51,39.0,103,543,359,5.3,7.2,1.8,1.8,2.9,22.79,421.6666666666667
415.0,406,411,450,415.0,459.0,537,401,60,61,32,50,38.0,105,543,369,5.2,7.2,1.8,0.9,3.0,27.11,426.0
416.0,407,408,407,390.0,443.0,238,402,60,62,32,36,38.0,106,529,401,4.7,7.3,1.8,0.9,2.7,18.14,411.8333333333333
416.0,403,414,462,407.0,475.0,420,666,60,61,33,51,38.0,105,586,391,5.3,7.4,3.1,1.8,2.5,23.6,429.5
417.0,405,414,461,410.0,474.0,237,378,60,61,32,51,36.0,105,528,392,5.2,7.3,0.8,0.8,3.0,18.11,430.1666666666667
415.0,408,415,410,95.0,445.0,236,361,60,62,32,38,37.0,107,529,376,4.6,7.3,0.9,0.8,2.8,18.08,364.6666666666667
419.0,402,414,472,407.0,447.0,412,659,60,61,33,51,38.0,102,549,398,5.2,7.0,3.1,1.7,3.0,23.36,426.8333333333333
415.0,406,411,451,415.0,457.0,238,398,60,61,33,51,37.0,104,540,401,5.2,7.2,1.8,0.8,3.0,18.14,425.8333333333333
415.0,408,410,413,420.0,439.0,238,379,60,62,32,50,37.0,100,531,415,4.2,7.3,1.8,0.8,2.8,18.14,417.5
424.0,409,414,477,410.0,470.0,413,682,60,61,33,51,38.0,100,549,397,5.2,7.1,1.8,1.8,2.9,23.39,434.0
417.0,410,415,452,420.0,460.0,238,390,60,61,33,51,38.0,106,541,403,5.2,7.2,1.7,0.9,3.0,18.14,429.0
417.0,409,410,417,416.0,435.0,236,370,60,62,32,37,38.0,105,537,395,5.1,7.3,1.9,1.0,2.8,18.08,417.3333333333333
427.0,409,417,477,418.0,464.0,414,650,60,61,33,51,38.0,101,549,397,5.2,7.0,3.2,1.8,2.8,23.42,435.3333333333333
427.0,410,421,475,417.0,465.0,236,401,60,61,33,51,38.0,105,547,396,5.2,7.2,1.8,0.9,3.0,18.08,435.8333333333333
415.0,410,415,420,438.0,410.0,241,407,60,62,32,37,38.0,106,535,394,4.8,7.3,1.8,0.8,2.8,18.23,418.0
431.0,403,426,472,406.0,453.0,410,665,60,61,32,51,37.0,102,546,297,5.2,6.9,1.7,1.7,2.8,23.3,431.8333333333333
419.0,396,406,433,406.0,426.0,237,334,60,61,31,48,34.0,103,518,422,5.3,7.0,1.8,0.8,2.9,18.11,414.3333333333333
408.0,408,399,386,386.0,427.0,231,470,60,61,32,36,33.0,104,503,433,5.0,7.7,1.8,0.8,2.5,17.93,402.3333333333333
419.0,422,406,424,424.0,408.0,420,679,60,62,33,40,36.0,106,526,294,4.8,6.9,3.2,1.8,2.7,23.6,417.1666666666667
416.0,398,406,428,431.0,423.0,246,336,60,61,31,48,34.0,34,517,423,5.3,3.6,1.8,0.9,2.9,18.38,417.0
416.0,428,409,414,409.0,464.0,405,625,60,62,33,39,44.0,42,520,483,4.9,6.4,3.2,2.0,2.7,23.15,423.3333333333333
407.0,391,390,428,405.0,420.0,232,345,60,61,35,52,37.0,45,519,415,5.2,6.4,1.7,1.0,2.8,17.96,406.8333333333333
405.0,407,391,399,380.0,422.0,249,506,60,62,36,40,34.0,45,504,426,4.9,6.3,1.8,0.9,2.7,18.47,400.6666666666667
406.0,419,405,411,399.0,444.0,377,594,60,62,33,38,41.0,59,589,390,4.9,7.1,1.8,1.5,2.7,22.31,414.0
423.0,388,394,427,406.0,402.0,181,428,60,61,34,47,35.0,52,535,436,5.3,7.4,1.7,0.5,2.9,16.43,406.6666666666667
389.0,399,381,386,347.0,347.0,175,356,60,61,35,38,35.0,51,491,431,5.0,7.4,1.8,0.6,2.9,16.25,374.8333333333333
403.0,417,406,407,398.0,442.0,388,622,60,62,35,41,45.0,50,515,392,4.9,7.1,3.1,1.7,2.7,22.64,412.1666666666667
417.0,391,394,427,406.0,405.0,177,248,60,61,34,49,35.0,52,535,438,5.3,7.3,1.7,0.6,2.9,16.31,406.6666666666667
389.0,398,381,391,354.0,402.0,175,361,60,61,35,38,35.0,52,491,431,5.0,7.2,1.8,0.6,2.9,16.25,385.8333333333333
415.0,391,400,430,403.0,417.0,202,267,60,61,35,60,37.0,55,514,437,5.3,7.4,3.2,0.7,2.9,17.06,409.3333333333333
398.0,406,383,400,372.0,410.0,264,396,60,61,56,62,37.0,54,498,438,5.0,7.1,3.2,0.6,2.8,18.92,394.8333333333333
422.0,391,391,430,410.0,406.0,181,251,60,61,35,51,36.0,55,519,440,5.2,7.3,1.8,0.6,2.9,16.43,408.3333333333333
398.0,403,386,397,361.0,407.0,185,351,60,61,36,39,36.0,55,498,425,5.0,6.9,1.8,0.6,2.8,16.55,392.0
414.0,394,399,431,408.0,416.0,194,287,60,61,37,53,37.0,52,519,435,5.2,6.8,1.8,0.7,2.9,16.82,410.3333333333333
401.0,406,385,399,368.0,410.0,190,412,60,61,39,41,37.0,52,501,436,5.0,6.3,1.8,0.7,2.8,16.7,394.8333333333333
411.0,396,402,432,422.0,426.0,246,255,60,60,35,52,37.0,51,529,427,5.2,6.9,1.8,0.9,2.8,18.38,414.8333333333333
410.0,414,397,406,381.0,427.0,251,431,60,62,36,40,37.0,50,511,431,5.0,7.1,1.8,0.9,2.7,18.53,405.8333333333333
400.0,319,397,413,406.0,419.0,217,321,60,60,32,49,34.0,54,521,452,5.2,7.3,3.0,0.9,2.9,17.51,392.3333333333333
397.0,410,384,389,379.0,413.0,223,400,60,61,33,37,32.0,54,501,429,5.0,6.8,3.2,0.9,2.7,17.69,395.3333333333333
415.0,397,407,431,419.0,422.0,240,367,60,61,36,53,37.0,45,526,431,5.2,7.2,1.8,0.8,2.9,18.2,415.1666666666667
402.0,411,391,406,377.0,422.0,243,406,60,62,37,41,34.0,44,511,435,4.9,7.1,1.8,0.9,2.7,18.29,401.5
414.0,394,404,431,418.0,423.0,237,348,60,60,34,51,36.0,45,528,430,5.2,6.7,3.1,0.8,2.9,18.11,414.0
406.0,417,394,407,352.0,424.0,241,408,60,62,31,39,35.0,45,510,432,4.9,6.7,3.2,0.9,2.7,18.23,400.0
417.0,396,407,423,403.0,413.0,224,335,60,61,37,54,38.0,50,532,439,5.2,7.6,3.2,0.8,2.8,17.72,409.8333333333333
407.0,414,391,403,376.0,423.0,231,395,60,62,38,42,38.0,49,509,440,4.9,7.0,3.2,0.8,2.7,17.93,402.3333333333333
423.0,402,422,425,491.0,414.0,213,385,60,61,37,53,37.0,47,524,444,5.2,6.8,1.7,0.7,2.8,17.39,429.5
414.0,419,398,400,390.0,434.0,217,373,60,62,38,40,37.0,46,510,449,4.9,6.9,1.7,0.7,2.7,17.51,409.1666666666667
431.0,394,417,423,408.0,403.0,186,285,60,61,35,51,36.0,48,524,449,5.2,7.2,1.7,0.5,2.9,16.58,412.6666666666667
414.0,414,389,400,369.0,431.0,178,313,60,62,36,38,36.0,48,507,455,5.0,7.1,1.7,0.5,2.9,16.34,402.8333333333333
428.0,397,420,423,408.0,411.0,188,314,60,61,30,51,36.0,48,524,449,5.2,7.1,1.7,0.6,2.9,16.64,414.5
431.0,397,423,408,407.0,407.0,183,335,60,61,35,38,36.0,48,521,447,5.0,7.3,1.7,0.6,2.8,16.49,412.1666666666667
427.0,390,423,425,410.0,411.0,185,300,60,61,34,51,36.0,48,524,449,5.2,7.1,1.7,0.6,2.9,16.55,414.3333333333333
409.0,414,389,398,371.0,430.0,188,329,60,61,35,38,36.0,48,507,451,5.0,7.3,1.7,0.6,2.8,16.64,401.8333333333333
423.0,398,420,425,459.0,414.0,220,341,60,61,35,57,36.0,45,521,441,5.1,6.8,1.7,0.7,2.8,17.6,423.1666666666667
411.0,417,390,484,389.0,434.0,119,369,60,61,36,38,36.0,45,509,447,5.0,6.9,1.7,0.7,2.8,14.57,420.8333333333333
430.0,393,425,411,411.0,425.0,193,324,60,61,34,51,35.0,49,524,447,5.2,7.2,1.7,0.6,2.9,16.79,415.8333333333333
410.0,414,388,406,382.0,435.0,211,368,60,61,36,38,36.0,48,510,450,5.0,7.3,1.7,0.6,2.8,17.33,405.8333333333333
428.0,420,422,441,397.0,425.0,448,718,60,62,33,40,36.0,105,535,402,4.9,7.5,32.0,1.9,2.7,24.44,422.1666666666667
431.0,410,411,445,420.0,425.0,249,346,60,61,32,50,34.0,103,534,431,5.1,7.1,1.7,1.0,2.8,18.47,423.6666666666667
422.0,416,407,400,397.0,439.0,251,492,60,61,33,37,32.0,105,514,433,4.9,7.2,1.7,0.9,2.7,18.53,413.5
436.0,406,414,442,426.0,423.0,247,340,60,61,31,49,33.0,103,534,436,5.1,7.4,1.7,0.8,2.8,18.41,424.5
424.0,416,407,401,397.0,441.0,243,484,60,61,32,36,31.0,105,515,438,4.9,7.0,1.7,0.8,2.7,18.29,414.3333333333333
410.0,416,406,427,430.0,487.0,404,684,60,62,55,64,31.0,102,523,480,4.9,7.4,3.1,1.7,2.7,23.12,429.3333333333333
436.0,407,414,445,424.0,420.0,250,346,60,61,32,50,34.0,99,534,432,5.0,7.3,1.7,0.8,2.8,18.5,424.3333333333333
420.0,417,410,402,397.0,439.0,247,494,60,61,33,37,31.0,102,514,464,5.0,7.8,1.8,0.9,2.7,18.41,414.1666666666667
414.0,430,405,426,397.0,503.0,433,693,60,62,33,39,36.0,102,529,397,4.8,7.7,1.8,1.9,2.7,23.99,429.1666666666667
430.0,410,414,447,417.0,425.0,247,394,60,61,32,50,34.0,102,532,427,5.1,7.4,1.8,0.9,2.8,18.41,423.8333333333333
423.0,411,408,407,397.0,440.0,248,411,60,61,33,37,31.0,105,510,434,4.9,8.2,1.7,0.9,2.7,18.44,414.3333333333333
440.0,410,414,444,469.0,431.0,239,379,60,61,32,50,34.0,102,534,434,5.1,7.5,3.2,0.8,2.9,18.17,434.6666666666667
416.0,419,410,403,397.0,441.0,239,431,60,62,33,37,31.0,105,515,441,4.9,8.4,3.2,0.8,2.7,18.17,414.3333333333333
438.0,407,410,450,423.0,423.0,236,363,60,61,32,50,34.0,101,536,434,5.1,6.9,1.8,0.8,2.8,18.08,425.1666666666667
420.0,414,408,402,397.0,445.0,239,423,60,62,33,37,31.0,104,515,439,4.9,8.2,1.8,0.8,2.7,18.17,414.3333333333333
447.0,410,411,447,423.0,425.0,243,376,60,61,33,51,34.0,102,536,436,5.1,7.0,3.2,0.8,2.8,18.29,427.1666666666667
424.0,414,410,403,422.0,444.0,234,425,60,61,30,34,32.0,105,516,445,4.9,8.1,3.2,0.8,2.7,18.02,419.5
435.0,416,410,453,425.0,435.0,268,408,60,61,32,51,34.0,101,540,431,5.0,7.3,1.7,0.9,2.7,19.04,429.0
419.0,407,408,410,397.0,453.0,265,465,60,62,33,37,31.0,102,514,432,4.9,8.3,1.7,0.9,2.7,18.95,415.6666666666667
432.0,403,406,432,424.0,411.0,191,294,60,61,32,49,33.0,104,529,447,5.1,8.0,1.8,0.6,2.8,16.73,418.0
405.0,402,393,397,397.0,433.0,203,340,60,61,32,35,31.0,106,503,443,5.0,8.9,1.8,0.7,2.8,17.09,404.5
430.0,405,406,430,425.0,415.0,192,301,60,61,32,48,32.0,104,530,442,5.1,7.9,1.9,0.6,2.7,16.76,418.5
407.0,408,395,367,430.0,397.0,198,321,60,61,32,34,32.0,105,504,441,5.0,8.3,1.8,0.6,2.8,16.94,400.6666666666667
424.0,391,396,422,416.0,368.0,137,225,60,61,31,48,33.0,105,512,445,5.0,7.9,3.2,0.3,2.9,15.11,402.8333333333333
397.0,381,391,379,397.0,411.0,144,392,60,61,32,34,30.0,108,484,440,5.0,8.8,3.2,0.4,3.1,15.32,392.6666666666667
440.0,403,407,434,432.0,416.0,206,320,60,61,32,50,33.0,102,534,442,4.9,8.0,1.8,0.7,2.7,17.18,422.0
416.0,411,403,403,397.0,403.0,206,342,60,61,33,36,30.0,104,508,447,5.0,8.8,1.8,0.7,2.8,17.18,405.5
426.0,394,390,415,410.0,376.0,110,209,60,60,31,48,33.0,100,506,440,5.0,7.5,3.4,0.3,2.8,14.3,401.8333333333333
394.0,386,391,380,400.0,414.0,141,259,60,61,32,34,32.0,102,482,438,5.1,8.1,3.5,0.4,3.1,15.23,394.1666666666667
419.0,393,397,425,411.0,391.0,153,218,60,61,32,48,33.0,102,511,441,4.8,7.7,2.2,0.4,2.7,15.59,406.0
399.0,385,397,386,397.0,418.0,144,269,60,61,33,34,32.0,104,489,442,5.0,8.1,2.2,0.5,3.0,15.32,397.0
419.0,393,391,423,411.0,401.0,142,218,60,61,32,48,33.0,102,507,441,4.8,7.6,2.2,0.4,2.8,15.26,406.3333333333333
399.0,392,399,388,397.0,422.0,145,261,60,61,33,34,32.0,105,486,441,5.0,8.0,2.2,0.4,3.1,15.35,399.5
435.0,407,400,447,418.0,426.0,275,426,60,61,33,35,35.0,98,528,420,4.7,6.6,1.9,1.0,2.6,19.25,422.1666666666667
423.0,428,411,417,397.0,450.0,271,451,60,62,34,38,34.0,101,519,435,4.9,7.6,1.9,1.0,2.7,19.13,421.0
442.0,439,415,498,425.0,473.0,404,643,60,63,57,63,39.0,102,557,399,4.6,6.4,3.1,2.0,2.4,23.12,448.6666666666667
435.0,406,402,445,420.0,423.0,259,411,60,61,33,52,34.0,99,527,424,4.7,6.6,1.9,0.9,2.6,18.77,421.8333333333333
423.0,420,414,417,397.0,453.0,255,426,60,62,34,38,34.0,103,520,421,4.6,7.7,1.9,0.9,2.7,18.65,420.6666666666667
431.0,400,399,433,433.0,424.0,199,306,60,61,31,50,33.0,103,525,441,4.7,7.5,3.2,0.6,2.6,16.97,420.0
413.0,403,402,410,431.0,403.0,200,330,60,61,32,35,32.0,106,507,449,4.9,8.6,3.3,0.7,2.8,17.0,410.3333333333333
426.0,443,420,433,384.0,401.0,411,676,60,63,33,41,36.0,104,535,399,4.8,8.2,1.8,1.9,2.7,23.33,417.8333333333333
438.0,408,406,438,431.0,413.0,190,293,60,60,31,49,32.0,99,524,448,4.6,7.2,1.9,0.5,2.6,16.7,422.3333333333333
406.0,403,406,402,313.0,393.0,183,325,60,59,31,34,32.0,99,446,410,5.1,8.6,1.7,0.5,5.3,16.49,387.1666666666667
436.0,405,400,443,428.0,420.0,224,339,60,61,31,51,33.0,102,533,435,4.5,7.4,1.9,0.8,2.5,17.72,422.0
400.0,397,410,396,321.0,390.0,228,367,60,60,31,35,30.0,102,444,415,5.0,9.1,1.9,0.7,5.2,17.84,385.6666666666667
448.0,422,413,475,430.0,466.0,392,634,60,61,32,53,37.0,102,550,408,4.2,6.6,1.9,1.7,2.3,22.76,442.3333333333333
440.0,408,405,480,425.0,420.0,219,326,60,61,31,50,33.0,100,533,440,4.4,7.4,1.9,0.7,2.4,17.57,429.6666666666667
368.0,395,405,394,322.0,320.0,217,360,60,60,31,34,31.0,100,534,418,5.0,9.2,1.8,0.7,5.2,17.51,367.3333333333333
424.0,403,389,414,430.0,483.0,378,597,60,61,38,49,40.0,102,500,385,4.2,6.8,1.9,1.8,2.0,22.34,423.8333333333333
458.0,426,420,492,430.0,483.0,403,656,60,61,33,55,38.0,402,556,405,4.2,6.8,1.9,1.8,2.3,23.09,451.5
428.0,439,408,435,460.0,490.0,428,677,60,62,36,42,39.0,104,527,396,4.7,6.9,1.8,2.0,2.6,23.84,443.3333333333333
428.0,445,447,455,498.0,444.0,465,734,60,63,36,43,41.0,103,533,393,4.8,7.6,1.9,2.1,2.7,24.95,452.8333333333333
417.0,431,396,432,500.0,495.0,403,680,60,62,36,42,39.0,104,524,393,4.8,7.9,1.8,1.8,2.7,23.09,445.1666666666667
430.0,425,411,424,511.0,494.0,426,689,60,62,36,43,38.0,105,532,397,4.7,7.8,1.9,2.0,2.6,23.78,449.1666666666667
432.0,431,410,433,512.0,491.0,415,681,60,62,36,43,38.0,105,531,397,4.7,7.8,1.8,2.0,2.6,23.45,451.5
433.0,431,416,432,500.0,490.0,429,685,60,62,35,42,39.0,102,531,394,4.7,6.6,1.8,2.0,2.6,23.87,450.3333333333333
459.0,438,434,494,441.0,478.0,429,711,60,61,34,56,39.0,105,541,407,4.0,6.5,1.8,2.0,2.2,23.87,457.3333333333333
458.0,440,433,503,442.0,475.0,452,737,60,61,34,57,39.0,100,569,403,3.9,7.7,1.8,2.0,2.1,24.56,458.5
139.0,406,405,419,221.0,459.0,399,649,60,60,32,37,32.0,101,508,389,4.8,6.5,1.8,1.6,5.0,22.97,341.5
455.0,433,431,511,436.0,475.0,438,721,60,61,34,56,39.0,102,564,405,3.9,7.5,1.8,1.9,2.1,24.14,456.8333333333333
447.0,427,415,403,425.0,473.0,414,670,60,60,32,54,37.0,98,557,403,3.9,7.7,1.8,1.8,2.1,23.42,431.6666666666667
459.0,442,440,490,447.0,478.0,455,742,60,61,33,54,39.0,100,543,403,3.7,7.7,1.8,2.1,2.0,24.65,459.3333333333333
420.0,416,516,435,332.0,460.0,445,660,60,60,32,38,34.0,100,507,381,4.8,6.0,1.8,1.9,4.9,24.35,429.8333333333333
445.0,416,411,430,331.0,460.0,447,740,60,60,32,38,33.0,102,503,380,4.8,6.0,1.8,1.9,4.9,24.41,415.5
431.0,398,398,427,318.0,450.0,410,660,60,60,32,37,33.0,100,501,380,4.8,6.3,1.8,1.8,4.9,23.3,403.6666666666667
430.0,411,390,415,318.0,472.0,389,620,60,62,32,35,32.0,100,532,389,4.7,8.1,1.9,1.8,2.6,22.67,406.0
427.0,414,390,416,450.0,475.0,389,631,60,62,32,37,32.0,100,506,384,4.7,7.9,1.9,1.7,2.7,22.67,428.6666666666667
414.0,413,388,419,486.0,479.0,401,647,60,62,32,35,33.0,103,507,383,4.7,7.9,1.9,1.9,2.6,23.03,433.1666666666667
406.0,427,385,424,427.0,473.0,388,616,60,62,33,38,34.0,104,506,389,4.7,7.9,3.2,1.9,2.6,22.64,423.6666666666667
408.0,411,386,411,386.0,415.0,389,629,60,62,32,38,34.0,104,500,382,4.7,7.6,1.9,1.8,2.6,22.67,402.8333333333333
402.0,416,381,410,425.0,475.0,369,655,60,62,32,37,34.0,105,501,382,4.7,7.7,1.9,1.7,2.6,22.07,418.1666666666667
408.0,408,408,386,411.0,450.0,387,621,60,62,32,37,33.0,102,499,380,4.7,7.7,1.9,1.8,2.6,22.61,411.8333333333333
407.0,418,386,411,419.0,482.0,401,645,60,62,32,38,34.0,102,503,376,4.7,8.1,1.9,2.0,2.6,23.03,420.5
405.0,407,382,418,420.0,483.0,400,649,60,62,32,38,34.0,101,503,377,4.7,7.9,1.9,1.9,2.6,23.0,419.1666666666667
408.0,406,379,411,425.0,437.0,379,611,60,62,37,38,34.0,102,498,379,4.7,7.9,3.2,1.8,2.6,22.37,411.0
408.0,380,388,410,406.0,391.0,172,341,60,60,32,50,32.0,100,495,411,3.8,8.1,2.1,0.7,2.1,16.16,397.1666666666667
415.0,419,393,415,450.0,481.0,393,621,60,62,32,38,35.0,104,508,374,4.7,7.9,1.9,2.1,2.6,22.79,428.8333333333333
414.0,410,392,420,450.0,480.0,403,650,60,62,32,38,34.0,101,503,381,4.6,7.8,1.9,2.0,2.6,23.09,427.6666666666667
405.0,396,397,399,400.0,423.0,358,566,60,62,54,59,33.0,102,473,440,4.6,7.8,1.8,1.4,2.6,21.74,403.3333333333333
400.0,381,388,396,301.0,427.0,357,579,60,59,31,36,33.0,100,473,369,4.8,6.9,1.8,1.4,4.9,21.71,382.1666666666667
396.0,383,391,400,384.0,433.0,417,680,60,59,31,36,34.0,100,480,344,4.7,6.7,1.8,1.9,4.9,23.51,397.8333333333333
420.0,408,405,425,420.0,419.0,199,323,60,59,58,59,32.0,102,459,386,3.7,7.1,2.8,0.7,2.1,16.97,416.1666666666667
400.0,368,386,367,298.0,366.0,209,347,60,59,61,64,32.0,100,458,390,4.8,7.1,2.9,0.7,5.0,17.27,364.1666666666667
398.0,372,383,366,293.0,365.0,186,310,60,59,61,64,32.0,101,455,392,4.8,7.0,3.3,0.6,5.0,16.58,362.8333333333333
410.0,398,393,394,388.0,419.0,185,312,60,62,54,59,33.0,102,495,439,4.6,7.8,3.3,0.7,2.6,16.55,400.3333333333333
237.0,399,391,393,307.0,435.0,413,635,60,59,31,34,34.0,102,480,371,4.46,6.5,1.8,1.7,4.8,23.39,360.3333333333333
398.0,384,385,403,307.0,428.0,386,630,60,59,61,65,33.0,102,480,369,4.6,6.9,1.8,1.6,4.8,22.58,384.1666666666667
400.0,391,390,410,312.0,441.0,418,652,60,59,32,37,34.0,100,483,365,4.6,6.5,1.8,1.8,4.7,23.54,390.6666666666667
398.0,384,392,405,310.0,436.0,402,696,60,59,61,66,34.0,102,489,368,4.5,6.5,1.8,1.8,4.7,23.06,387.5
389.0,385,390,403,310.0,436.0,398,612,60,59,61,64,34.0,102,484,367,4.5,6.5,1.8,1.8,4.7,22.94,385.5
399.0,369,386,371,279.0,372.0,201,392,60,58,60,64,32.0,100,443,389,4.7,7.4,1.8,0.6,4.7,17.03,362.6666666666667
397.0,402,396,397,352.0,419.0,197,339,60,62,55,41,33.0,102,498,439,4.7,7.4,1.9,0.6,2.7,16.91,393.8333333333333
369.0,374,386,368,274.0,372.0,464,626,60,58,60,63,32.0,102,412,389,4.7,7.2,1.8,1.8,4.9,24.92,357.1666666666667
350.0,369,386,374,281.0,374.0,202,309,60,59,60,64,32.0,30,450,390,4.7,5.6,1.8,0.6,4.9,17.06,355.6666666666667
407.0,413,398,408,420.0,428.0,197,355,60,62,50,60,33.0,30,503,441,4.8,5.9,1.9,0.7,2.6,16.91,412.3333333333333
430.0,534,614,432,439.0,466.0,374,589,60,62,32,34,34.0,47,520,401,4.5,8.5,1.9,1.7,2.5,22.22,485.8333333333333
401.0,385,398,397,305.0,423.0,376,590,60,60,61,66,33.0,47,482,375,4.6,8.4,1.8,1.5,4.8,22.28,384.8333333333333
390.0,375,390,383,272.0,369.0,183,312,60,59,60,64,32.0,45,448,393,4.7,8.6,3.1,0.6,4.9,16.49,363.1666666666667
409.0,403,393,394,361.0,414.0,176,262,60,61,54,59,33.0,49,494,439,4.6,9.4,3.2,0.6,2.6,16.28,395.6666666666667
414.0,386,400,414,400.0,390.0,167,243,60,60,53,58,33.0,46,502,431,5.69,7.8,1.9,0.5,3.1,16.01,400.6666666666667
392.0,397,389,383,349.0,410.0,166,312,60,61,51,56,33.0,46,489,434,4.6,7.6,1.9,0.6,2.7,15.98,386.6666666666667
416.0,408,3382,432,414.0,423.0,236,336,60,60,32,54,33.0,45,517,425,5.4,7.5,3.2,0.8,3.0,18.08,912.5
396.0,411,396,407,382.0,423.0,228,395,60,61,32,36,33.0,45,509,426,4.6,7.2,3.3,0.9,2.5,17.84,402.5
424.0,405,426,432,408.0,422.0,204,302,60,60,32,54,33.0,46,524,441,5.6,7.8,1.9,0.6,3.1,17.12,419.5
397.0,407,391,406,372.0,423.0,209,384,60,62,32,35,33.0,47,500,435,4.5,8.1,1.9,0.7,2.5,17.27,399.3333333333333
424.0,410,425,435,414.0,422.0,215,316,60,60,53,59,33.0,47,524,436,5.5,7.8,3.2,0.7,3.0,17.45,421.6666666666667
398.0,415,393,407,381.0,427.0,226,402,60,62,53,59,33.0,47,501,430,4.4,8.0,3.2,0.8,2.4,17.78,403.5
430.0,408,430,431,419.0,419.0,184,291,60,60,53,58,33.0,50,525,448,5.5,7.8,3.3,0.5,3.0,16.52,422.8333333333333
405.0,416,397,405,367.0,427.0,188,371,60,62,52,58,33.0,50,502,439,4.4,8.0,3.3,0.6,2.3,16.64,402.8333333333333
423.0,410,436,425,423.0,440.0,206,289,60,60,32,52,33.0,49,524,443,5.5,7.8,3.2,0.6,3.0,17.18,426.1666666666667
396.0,399,396,393,355.0,414.0,173,286,60,61,32,35,33.0,49,495,440,4.4,8.0,3.2,0.6,2.5,16.19,392.1666666666667
410.0,397,398,428,406.0,406.0,230,330,60,60,53,59,33.0,46,520,418,5.5,8.2,3.0,0.9,3.0,17.9,407.5
397.0,415,397,408,382.0,423.0,231,417,60,62,54,59,33.0,44,501,424,4.3,8.3,3.2,0.9,2.5,17.93,403.6666666666667
424.0,397,450,419,402.0,394.0,178,250,60,59,31,52,32.0,45,515,441,5.5,7.8,1.9,0.5,3.1,16.34,414.3333333333333
390.0,386,397,389,355.0,407.0,180,323,60,61,32,35,32.0,46,487,432,4.4,8.0,1.9,0.6,2.5,16.4,387.3333333333333
425.0,386,390,415,406.0,389.0,181,274,60,60,52,58,33.0,42,514,439,5.5,7.7,3.3,0.5,3.1,16.43,401.8333333333333
350.0,377,377,359,280.0,335.0,174,305,60,58,54,60,31.0,43,431,382,4.7,7.2,3.2,0.5,4.8,16.22,346.3333333333333
427.0,397,418,424,407.0,400.0,176,242,60,60,31,52,33.0,47,519,444,5.5,7.4,3.3,0.5,3.1,16.28,412.1666666666667
399.0,402,399,406,379.0,424.0,184,351,60,62,35,52,33.0,47,498,439,4.3,7.2,3.3,0.4,2.4,16.52,401.5
426.0,396,408,421,401.0,400.0,184,255,60,61,31,52,34.0,46,518,433,5.5,7.4,3.3,0.8,3.1,16.52,408.6666666666667
398.0,405,399,409,381.0,424.0,186,350,60,62,32,51,33.0,46,490,422,4.3,7.2,3.3,0.6,2.4,16.58,402.6666666666667
413.0,423,406,424,389.0,451.0,329,528,60,62,33,36,33.0,46,508,399,4.2,7.0,1.9,1.4,2.3,20.87,417.6666666666667
425.0,393,408,421,401.0,410.0,186,307,60,61,31,52,34.0,46,518,420,5.4,7.2,1.8,0.5,3.1,16.58,409.6666666666667
412.0,420,408,425,390.0,452.0,185,308,60,62,32,36,33.0,45,509,398,4.2,7.1,1.9,0.4,2.3,16.55,417.8333333333333
411.0,419,408,423,443.0,393.0,355,542,60,62,55,60,33.0,40,507,393,4.1,7.3,3.2,1.6,2.3,21.65,416.1666666666667
424.0,394,404,421,403.0,406.0,176,266,60,61,56,60,32.0,43,518,423,5.4,7.3,3.3,0.5,3.1,16.28,408.6666666666667
410.0,409,420,396,448.0,409.0,186,259,60,62,55,60,32.0,42,508,391,4.1,7.3,3.2,0.5,2.3,16.58,415.3333333333333
411.0,419,408,423,390.0,440.0,368,543,60,62,55,61,34.0,40,507,393,4.1,7.3,3.2,1.6,2.3,22.04,415.1666666666667
419.0,400,420,424,420.0,408.0,207,331,60,60,54,59,33.0,44,523,430,5.5,8.2,3.3,0.7,3.0,17.21,415.1666666666667
397.0,405,388,405,371.0,422.0,204,355,60,62,53,59,33.0,44,498,427,4.1,8.3,3.3,0.7,2.3,17.12,398.0
419.0,391,350,417,408.0,394.0,168,282,60,60,31,52,33.0,43,508,431,5.5,8.0,3.3,0.6,3.0,16.04,396.5
349.0,397,388,394,355.0,416.0,190,301,60,60,32,35,33.0,43,422,420,4.1,7.8,3.3,0.6,2.3,16.7,383.1666666666667
423.0,399,359,410,406.0,381.0,166,301,60,59,32,53,33.0,37,508,435,5.5,7.2,3.3,0.5,3.1,15.98,396.3333333333333
397.0,377,390,386,349.0,405.0,185,287,60,61,32,35,33.0,37,490,435,4.0,6.4,3.3,0.6,2.3,16.55,384.0
411.0,414,403,417,385.0,442.0,349,534,60,62,32,36,33.0,42,503,391,4.0,7.4,1.9,1.4,2.2,21.47,412.0
416.0,385,400,414,407.0,382.0,179,279,60,59,53,59,33.0,40,507,432,5.5,7.9,1.9,0.5,3.1,16.37,400.6666666666667
392.0,389,383,388,347.0,405.0,179,299,60,61,52,56,32.0,40,482,424,4.0,7.8,1.9,0.6,2.3,16.37,384.0
427.0,394,368,416,405.0,397.0,191,294,60,60,53,59,33.0,42,512,433,5.5,7.9,3.2,0.6,3.0,16.73,401.1666666666667
391.0,397,386,389,349.0,405.0,188,305,60,62,52,58,33.0,44,430,428,4.0,7.6,3.2,0.6,2.3,16.64,386.1666666666667
407.0,372,382,398,401.0,368.0,158,244,60,59,51,56,33.0,41,492,425,5.6,8.0,3.3,0.3,3.2,15.74,388.0
383.0,377,377,365,332.0,391.0,154,258,60,61,51,55,33.0,41,461,417,4.1,7.8,3.3,0.5,2.4,15.62,370.8333333333333
399.0,399,410,432,408.0,415.0,294,477,60,60,54,60,34.0,35,517,397,5.4,7.3,3.2,1.4,2.9,19.82,410.5
408.0,406,393,393,360.0,410.0,297,481,60,62,55,60,33.0,35,507,411,3.9,7.3,3.3,1.1,2.2,19.91,395.0
352.0,367,379,365,289.0,355.0,247,412,60,59,62,65,32.0,39,449,375,4.5,8.1,3.1,0.9,4.6,18.41,351.1666666666667
399.0,410,394,408,376.0,425.0,258,409,60,62,54,59,32.0,40,501,420,3.9,8.1,3.3,0.9,2.1,18.74,402.0
411.0,381,340,404,374.0,402.0,154,275,60,59,31,52,32.0,35,503,433,5.5,7.3,3.2,0.4,3.1,15.62,385.3333333333333
391.0,377,380,363,339.0,391.0,151,294,60,62,32,34,33.0,35,475,427,3.9,7.2,3.3,0.5,2.3,15.53,373.5
423.0,396,401,419,414.0,401.0,192,332,60,59,52,58,33.0,38,511,436,5.5,7.9,3.2,0.5,3.0,16.76,409.0
397.0,406,393,397,352.0,411.0,207,344,60,61,52,57,33.0,38,490,430,3.8,7.9,3.3,0.7,2.1,17.21,392.6666666666667
410.0,380,459,399,397.0,366.0,154,270,60,59,52,58,33.0,39,504,432,5.5,7.8,3.3,0.4,3.1,15.62,401.8333333333333
380.0,371,356,326,377.0,372.0,155,229,60,61,51,56,33.0,39,457,420,3.8,7.8,3.3,0.4,3.3,15.65,363.6666666666667
411.0,382,451,400,389.0,365.0,157,266,60,59,52,58,33.0,40,507,418,5.5,7.8,3.3,0.5,3.1,15.71,399.6666666666667
381.0,370,374,358,325.0,378.0,159,234,60,61,51,56,33.0,40,420,418,3.8,7.8,3.3,0.4,3.3,15.77,364.3333333333333
414.0,377,378,402,411.0,373.0,149,257,60,59,32,52,33.0,42,502,438,5.5,7.8,1.9,0.4,3.1,15.47,392.5
390.0,383,381,373,334.0,393.0,152,238,60,61,32,35,33.0,42,476,426,3.8,7.7,1.9,0.5,2.2,15.56,375.6666666666667
415.0,377,380,401,399.0,376.0,155,256,60,59,36,60,33.0,42,503,430,5.5,7.8,1.9,0.4,3.1,15.65,391.3333333333333
389.0,381,381,373,335.0,396.0,152,238,60,61,38,60,33.0,42,478,428,3.8,7.7,1.9,0.5,2.2,15.56,375.8333333333333
406.0,411,406,4119,379.0,435.0,342,523,60,62,55,61,34.0,41,503,393,3.7,7.6,3.2,1.4,2.1,21.26,1026.0
416.0,374,380,405,397.0,368.0,162,273,60,59,53,58,33.0,40,503,431,5.5,7.7,3.3,0.4,3.1,15.86,390.0
380.0,373,372,357,330.0,380.0,152,227,60,61,51,56,33.0,40,472,420,3.7,7.7,3.3,0.4,2.1,15.56,365.3333333333333
414.0,379,340,403,399.0,360.0,184,278,60,59,31,52,33.0,41,502,432,5.5,7.7,3.3,0.4,3.1,16.52,382.5
377.0,364,379,368,327.0,381.0,162,229,60,61,32,34,32.0,41,472,423,3.6,7.8,3.3,0.5,2.1,15.86,366.0
419.0,411,420,440,402.0,426.0,323,548,60,60,32,55,34.0,31,526,394,5.4,7.1,1.8,1.5,2.9,20.69,419.6666666666667
427.0,394,400,416,399.0,356.0,185,286,60,59,52,57,32.0,33,514,438,5.5,7.0,3.2,0.5,3.1,16.55,398.6666666666667
385.0,368,377,360,279.0,332.0,188,342,60,59,57,60,32.0,32,433,381,4.6,6.4,3.1,0.6,3.1,16.64,350.1666666666667
414.0,346,359,317,287.0,249.0,185,350,60,60,72,53,33.0,31,521,480,5.5,7.0,3.3,0.6,3.2,16.55,328.6666666666667
469.0,440,459,449,430.0,460.0,402,660,60,37,36,39,32.0,33,304,309,7.1,1.2,0.1,0.4,4.3,23.06,451.1666666666667
331.0,373,379,383,308.0,397.0,374,619,60,60,31,34,34.0,98,467,355,4.3,6.7,3.0,1.8,4.3,22.22,361.8333333333333
436.0,398,402,428,420.0,401.0,209,375,60,60,55,60,33.0,103,520,431,5.4,8.0,3.2,0.7,3.0,17.27,414.1666666666667
396.0,377,388,366,304.0,348.0,215,328,60,59,60,64,32.0,102,452,388,4.4,8.8,3.2,0.7,4.4,17.45,363.1666666666667
399.0,384,383,308,403.0,390.0,395,668,60,60,32,36,34.0,102,473,363,4.3,8.2,1.8,1.6,4.2,22.85,377.8333333333333
400.0,385,380,391,308.0,400.0,414,662,60,60,60,65,32.0,100,476,363,4.2,6.5,2.8,1.7,4.2,23.42,377.3333333333333
385.0,383,380,389,306.0,401.0,393,636,60,60,60,65,32.0,100,475,364,4.1,6.9,2.8,1.7,4.2,22.79,374.0
448.0,426,451,484,419.0,462.0,439,409,60,60,55,61,35.0,100,556,396,5.3,8.1,3.2,1.7,2.8,24.17,448.3333333333333
435.0,422,408,460,447.0,465.0,403,637,60,60,32,60,34.0,96,540,396,5.3,7.3,3.2,1.6,2.8,23.09,439.5
436.0,427,451,477,416.0,453.0,417,668,60,60,54,60,35.0,98,548,397,5.3,7.0,3.1,1.9,2.8,23.51,443.3333333333333
451.0,427,436,456,403.0,442.0,367,603,60,60,32,60,35.0,100,544,397,5.3,7.1,1.8,1.6,2.9,22.01,435.8333333333333
431.0,408,420,423,420.0,403.0,205,289,60,60,52,57,33.0,101,517,435,5.1,7.3,3.3,0.6,3.0,17.15,417.5
414.0,415,415,410,396.0,420.0,289,419,60,62,54,60,33.0,104,509,444,5.1,7.8,3.3,0.7,2.8,19.67,411.6666666666667
427.0,422,425,466,397.0,435.0,391,625,60,60,54,60,36.0,99,535,390,5.3,6.8,3.1,1.7,2.8,22.73,428.6666666666667
432.0,432,450,478,422.0,456.0,442,694,60,61,56,62,36.0,101,551,391,5.3,7.0,3.2,2.1,2.8,24.26,445.0
423.0,425,419,447,433.0,450.0,400,651,60,62,32,37,34.0,104,508,398,4.9,7.5,3.2,1.7,2.7,23.0,432.8333333333333
432.0,431,414,431,435.0,441.0,415,664,60,62,32,38,34.0,103,510,388,4.9,7.3,1.9,1.9,2.7,23.45,430.6666666666667
428.0,430,425,448,457.0,455.0,441,708,60,62,56,63,35.0,103,512,385,4.9,7.4,3.1,2.0,2.7,24.23,440.5
427.0,423,423,441,450.0,450.0,429,715,60,62,56,62,34.0,104,510,385,4.9,7.4,3.1,2.1,2.7,23.87,435.6666666666667
391.0,372,380,363,292.0,346.0,198,300,60,59,61,64,32.0,102,456,388,4.3,6.9,3.1,0.6,4.3,16.94,357.3333333333333
410.0,406,420,414,386.0,411.0,203,366,60,61,53,59,33.0,107,503,440,5.0,7.6,3.2,0.7,2.8,17.09,407.8333333333333
427.0,423,423,441,450.0,450.0,429,715,60,62,56,62,34.0,104,510,385,4.9,7.4,3.1,2.1,2.7,23.87,435.6666666666667
376.0,372,380,363,292.0,346.0,198,300,60,59,61,64,32.0,102,456,388,4.3,6.9,3.1,0.6,4.3,16.94,354.8333333333333
410.0,406,420,414,386.0,411.0,203,366,60,61,53,59,33.0,107,503,440,5.0,7.6,3.2,0.7,2.8,17.09,407.8333333333333
428.0,427,417,439,432.0,442.0,388,634,60,62,32,37,34.0,101,503,393,4.9,7.6,3.2,1.7,2.7,22.64,430.8333333333333
433.0,436,486,474,428.0,478.0,445,729,60,61,56,62,37.0,102,546,392,5.4,7.2,3.2,2.0,2.8,24.35,455.8333333333333
441.0,431,451,465,415.0,438.0,370,584,60,60,35,59,35.0,98,536,394,5.4,7.0,1.9,1.6,2.9,22.1,440.1666666666667
439.0,424,436,481,417.0,445.0,379,624,60,61,56,62,35.0,101,537,392,5.4,7.0,3.3,1.8,2.8,22.37,440.3333333333333
445.0,415,439,474,414.0,445.0,400,625,60,60,54,60,35.0,93,537,388,5.4,6.9,3.1,1.9,2.9,23.0,438.6666666666667
424.0,410,412,401,407.0,398.0,179,262,60,60,52,57,33.0,25,512,434,5.5,3.7,3.2,0.6,3.0,16.37,408.6666666666667
427.0,423,420,440,425.0,452.0,410,665,60,62,32,38,34.0,52,508,383,4.9,6.7,3.2,1.8,2.7,23.3,431.1666666666667
439.0,440,440,452,452.0,477.0,459,745,60,62,57,63,35.0,52,523,388,4.8,7.9,3.2,2.2,2.7,24.77,450.0
430.0,428,427,435,423.0,445.0,394,644,60,62,33,38,34.0,48,510,389,4.9,6.8,1.9,1.8,2.7,22.82,431.3333333333333
436.0,431,438,447,452.0,475.0,464,734,60,63,58,64,36.0,52,526,389,4.8,7.3,3.2,2.2,2.7,24.92,446.5
427.0,427,425,440,430.0,452.0,428,692,60,62,56,62,34.0,50,512,383,4.9,7.8,3.2,1.9,2.7,23.84,433.5
430.0,397,399,433,420.0,389.0,181,303,60,60,53,59,33.0,50,524,433,5.5,8.2,3.2,0.6,3.0,16.43,411.3333333333333
397.0,392,402,405,371.0,401.0,186,323,60,61,52,58,33.0,51,492,433,5.0,8.1,3.2,0.7,3.2,16.58,394.6666666666667
407.0,411,415,419,397.0,418.0,376,510,60,62,32,37,33.0,45,497,390,5.0,8.7,3.2,1.4,2.7,22.28,411.1666666666667
397.0,386,389,391,365.0,393.0,220,335,60,61,52,58,33.0,47,494,433,5.0,8.8,3.3,0.8,2.8,17.6,386.8333333333333
419.0,416,422,407,419.0,424.0,373,571,60,62,32,37,33.0,54,497,390,4.9,8.4,3.2,1.5,2.7,22.19,417.8333333333333
413.0,397,398,427,424.0,400.0,171,358,60,61,53,58,33.0,48,514,430,5.5,8.9,3.2,0.7,3.0,16.13,409.8333333333333
413.0,414,422,422,398.0,415.0,175,350,60,61,52,57,32.0,47,494,436,5.0,8.8,3.3,0.7,2.8,16.25,414.0
427.0,424,424,425,396.0,415.0,292,465,60,61,53,59,33.0,53,503,414,4.9,8.4,3.2,1.4,2.1,19.76,418.5
449.0,417,418,440,424.0,399.0,188,335,60,61,52,57,33.0,57,514,458,5.5,8.5,3.0,0.5,3.0,16.64,424.5
420.0,417,414,419,381.0,408.0,184,298,60,61,52,57,33.0,56,515,459,5.0,8.3,3.3,0.6,2.8,16.52,409.8333333333333
448.0,419,420,448,427.0,396.0,173,305,60,60,32,54,33.0,56,543,461,5.5,8.6,3.2,0.5,3.0,16.19,426.3333333333333
411.0,413,414,425,374.0,409.0,182,272,60,61,33,35,33.0,56,507,456,5.0,8.6,3.3,0.6,2.9,16.46,407.6666666666667
447.0,417,418,448,425.0,392.0,161,293,60,60,52,57,33.0,53,540,462,5.0,8.5,3.2,0.5,3.0,15.83,424.5
411.0,403,414,417,374.0,403.0,152,235,60,61,51,56,33.0,53,498,456,5.0,8.5,3.2,0.5,3.0,15.56,403.6666666666667
444.0,421,430,486,427.0,410.0,185,330,60,61,52,57,33.0,53,541,459,5.5,8.6,3.2,0.6,2.9,16.55,436.3333333333333
409.0,408,413,414,381.0,406.0,185,296,60,61,52,57,33.0,51,504,453,5.0,8.6,3.2,0.6,2.9,16.55,405.1666666666667
444.0,423,431,447,425.0,405.0,195,322,60,60,52,57,33.0,52,512,458,5.5,8.7,3.2,0.6,3.0,16.85,429.1666666666667
410.0,406,413,414,383.0,410.0,185,293,60,61,52,53,32.0,51,518,453,5.0,8.6,3.2,0.6,3.0,16.55,406.0
435.0,405,328,414,374.0,428.0,162,266,60,59,32,53,32.0,45,526,449,5.5,8.2,3.2,0.5,3.1,15.86,397.3333333333333
483.0,399,411,348,369.0,399.0,167,254,60,61,32,35,32.0,46,490,444,5.0,8.1,3.3,0.5,3.0,16.01,401.5
414.0,397,400,431,411.0,389.0,205,374,60,60,59,58,33.0,45,517,425,5.5,8.8,3.2,1.0,3.2,17.15,407.0
427.0,426,431,428,402.0,415.0,175,303,60,61,52,58,32.0,46,506,447,5.0,8.6,3.3,0.6,3.3,16.25,421.5
424.0,423,433,432,400.0,299.0,297,445,60,62,32,36,33.0,44,511,417,4.9,8.5,3.2,1.2,2.7,19.91,401.8333333333333
322.0,327,296,328,276.0,310.0,180,397,60,60,61,64,32.0,50,457,352,4.3,8.0,3.1,0.8,4.2,16.4,309.8333333333333
399.0,394,405,405,364.0,397.0,178,237,60,61,52,57,32.0,51,498,444,5.0,8.3,3.3,0.6,2.8,16.34,394.0
330.0,341,297,331,296.0,364.0,294,440,60,60,62,66,33.0,52,465,372,4.2,7.7,2.4,1.1,4.2,19.82,326.5
335.0,354,313,339,306.0,381.0,379,623,60,60,32,35,33.0,48,483,361,4.0,6.6,2.3,1.7,4.0,22.37,338.0
439.0,416,420,440,416.0,392.0,184,324,60,60,54,60,33.0,51,532,449,5.5,7.2,3.2,0.6,3.0,16.52,420.5
337.0,329,297,346,287.0,306.0,169,269,60,60,59,62,33.0,50,457,391,4.2,6.5,3.2,0.6,3.1,16.07,317.0
450.0,423,422,445,422.0,394.0,158,286,60,60,32,49,33.0,53,541,465,5.5,8.5,3.2,0.5,3.0,15.74,426.0
318.0,322,300,355,284.0,298.0,160,260,60,60,31,34,32.0,52,453,392,4.1,7.8,3.1,0.5,4.1,15.8,312.8333333333333
439.0,425,430,450,425.0,396.0,168,301,60,60,52,60,33.0,46,478,372,5.5,8.5,3.2,0.5,3.0,16.04,427.5
318.0,322,300,355,284.0,298.0,189,289,60,61,60,64,33.0,46,480,368,4.1,7.8,3.1,0.5,4.1,16.67,312.8333333333333
343.0,355,298,332,298.0,377.0,342,532,60,60,60,65,33.0,46,478,373,4.0,8.2,3.1,1.4,3.9,21.26,333.8333333333333
448.0,422,396,442,425.0,397.0,173,310,60,60,32,34,33.0,48,541,461,5.5,7.9,3.3,0.6,3.0,16.19,421.6666666666667
322.0,346,296,351,280.0,302.0,183,274,60,60,32,35,32.0,48,458,391,4.9,7.7,3.2,0.6,4.0,16.49,316.1666666666667
452.0,427,408,447,425.0,397.0,164,284,60,60,32,49,33.0,52,544,465,5.5,8.6,3.3,0.5,3.0,15.92,426.0
326.0,313,298,354,283.0,304.0,164,245,60,60,32,34,32.0,52,460,305,4.1,8.0,3.2,0.5,4.0,15.92,313.0
447.0,447,452,472,428.0,456.0,437,716,60,61,56,62,36.0,49,548,398,5.3,7.6,3.1,1.8,2.8,24.11,450.3333333333333
456.0,432,440,465,422.0,434.0,367,596,60,60,54,60,35.0,51,545,405,5.3,8.0,3.2,1.7,2.9,22.01,441.5
431.0,411,420,430,439.0,405.0,223,341,60,60,53,58,33.0,51,532,439,5.4,8.7,3.3,0.8,3.0,17.69,422.6666666666667
331.0,341,295,349,289.0,318.0,214,350,60,60,62,65,32.0,51,472,399,4.1,8.5,3.2,0.7,3.9,17.42,320.5
499.0,415,440,428,413.0,382.0,167,254,60,60,32,49,33.0,53,537,458,5.5,8.9,3.3,0.5,3.0,16.01,429.5
333.0,339,298,357,284.0,310.0,166,291,60,60,32,34,32.0,52,464,397,4.0,8.3,3.3,0.5,4.0,15.98,320.1666666666667
439.0,420,421,434,433.0,403.0,199,309,60,60,53,59,33.0,51,536,444,5.4,8.7,3.2,0.7,3.0,16.97,425.0
337.0,340,296,343,288.0,331.0,205,350,60,60,61,64,32.0,51,473,399,4.0,8.3,3.1,0.7,3.2,17.15,322.5
439.0,416,420,433,424.0,397.0,194,299,60,60,32,49,33.0,51,539,459,5.5,8.7,3.2,0.5,3.0,16.82,421.5
330.0,337,302,364,289.0,322.0,179,317,60,60,32,34,32.0,51,465,400,4.0,8.4,3.2,0.5,4.0,16.37,324.0
448.0,416,420,450,425.0,400.0,185,291,60,60,53,59,33.0,51,542,451,5.4,8.6,3.3,0.7,3.0,16.55,426.5
333.0,339,299,351,290.0,321.0,184,327,60,60,61,64,32.0,51,470,401,4.0,8.4,3.2,0.6,3.9,16.52,322.1666666666667
431.0,419,415,431,428.0,403.0,209,339,60,60,52,59,33.0,53,533,441,5.4,8.7,3.3,0.8,3.0,17.27,421.1666666666667
432.0,459,406,422,400.0,403.0,219,390,60,62,54,59,33.0,54,518,451,5.0,8.5,3.2,0.8,3.2,17.57,420.3333333333333
440.0,416,408,438,424.0,399.0,166,274,60,60,31,48,32.0,54,532,456,5.4,8.8,3.3,0.5,3.0,15.98,420.8333333333333
423.0,456,390,410,381.0,389.0,169,294,60,61,32,35,33.0,54,504,453,5.0,8.9,3.2,0.6,3.3,16.07,408.1666666666667
447.0,452,424,455,419.0,420.0,383,632,60,62,32,37,33.0,49,511,407,4.9,8.7,3.2,1.5,2.7,22.49,436.1666666666667
428.0,414,425,432,420.0,394.0,179,314,60,60,52,57,33.0,50,529,449,5.5,9.1,3.2,0.6,3.0,16.37,418.8333333333333
425.0,448,390,409,365.0,380.0,174,292,60,61,52,54,33.0,51,493,445,5.0,9.0,3.2,0.6,2.9,16.22,402.8333333333333
430.0,423,426,431,426.0,400.0,240,390,60,60,53,58,33.0,47,541,433,5.4,9.2,3.2,0.7,3.0,18.2,422.6666666666667
423.0,445,390,406,379.0,388.0,223,377,60,61,52,57,33.0,47,503,435,4.9,9.1,3.2,0.8,2.7,17.69,405.1666666666667
410.0,398,401,413,413.0,388.0,236,396,60,60,53,58,33.0,47,517,420,5.4,9.1,3.2,1.0,2.9,18.08,403.8333333333333
417.0,447,390,407,374.0,389.0,202,347,60,61,52,58,32.0,48,497,433,4.9,9.1,3.3,0.6,2.8,17.06,404.0
444.0,459,408,428,393.0,403.0,290,463,60,62,32,36,33.0,45,506,409,4.9,9.0,3.2,1.3,2.7,19.7,422.5
285.0,293,276,344,270.0,273.0,126,232,60,58,60,63,32.0,48,428,373,4.0,8.4,3.2,0.4,4.0,14.78,290.1666666666667
405.0,482,359,366,341.0,343.0,124,213,60,61,50,55,33.0,49,456,423,5.0,9.1,3.3,0.4,3.1,14.72,382.6666666666667
432.0,459,431,438,402.0,420.0,309,499,60,62,32,37,33.0,50,509,410,4.9,8.9,3.2,1.3,2.7,20.27,430.3333333333333
281.0,295,275,348,265.0,275.0,107,237,60,59,60,63,32.0,50,431,380,4.0,8.6,3.2,0.4,4.0,14.21,289.8333333333333
393.0,418,342,382,332.0,333.0,105,152,60,61,50,54,32.0,51,467,431,5.0,9.2,3.3,0.3,3.2,14.15,366.6666666666667
450.0,456,421,424,449.0,424.0,343,549,60,62,32,38,34.0,54,515,405,4.8,8.4,3.2,1.8,2.7,21.29,437.3333333333333
329.0,326,289,343,279.0,315.0,201,355,60,61,61,64,32.0,51,459,386,4.0,7.8,3.2,0.7,3.9,17.03,313.5
422.0,459,394,413,374.0,386.0,207,302,60,61,52,57,32.0,51,507,448,4.9,8.5,3.2,0.7,2.8,17.21,408.0
447.0,457,448,419,422.0,417.0,373,582,60,59,31,34,33.0,55,504,408,4.9,8.2,3.2,1.8,2.7,22.19,435.0
334.0,330,296,341,284.0,330.0,219,379,60,61,61,65,32.0,51,465,385,4.0,7.8,3.2,0.6,3.9,17.57,319.1666666666667
427.0,464,397,413,380.0,390.0,210,314,60,61,52,57,33.0,53,508,448,4.9,8.3,3.2,0.7,2.8,17.3,411.8333333333333
331.0,329,290,338,279.0,322.0,219,381,60,60,42,45,32.0,51,462,388,4.0,7.9,3.2,0.8,3.9,17.57,314.8333333333333
425.0,465,399,410,388.0,393.0,231,332,60,61,53,56,33.0,53,511,445,4.9,8.5,3.2,0.7,3.0,17.93,413.3333333333333
450.0,464,425,449,418.0,425.0,309,505,60,62,58,63,34.0,55,516,420,4.8,8.3,3.4,1.4,2.6,20.27,438.5
455.0,460,430,445,430.0,425.0,324,521,60,62,32,37,33.0,53,518,419,4.8,8.4,1.9,1.4,2.6,20.72,440.8333333333333
431.0,409,411,424,415.0,373.0,132,247,60,59,52,56,33.0,47,521,451,5.5,9.1,3.2,0.5,3.0,14.96,410.5
423.0,448,381,391,357.0,357.0,139,209,60,61,50,55,33.0,49,489,450,4.9,9.1,3.2,0.4,3.0,15.17,392.8333333333333
430.0,443,391,376,422.0,369.0,339,524,60,61,32,35,33.0,47,492,448,4.9,9.2,3.2,0.6,2.9,21.17,405.1666666666667
433.0,428,438,440,420.0,405.0,189,321,60,61,53,59,33.0,47,531,444,5.4,8.5,3.2,0.7,3.0,16.67,427.3333333333333
432.0,455,399,412,388.0,393.0,193,329,60,61,52,58,33.0,48,514,453,4.9,8.5,3.2,0.7,2.8,16.79,413.1666666666667
424.0,416,421,435,416.0,398.0,206,340,60,60,53,58,33.0,51,525,443,5.4,8.8,3.2,0.7,3.0,17.18,418.3333333333333
438.0,449,400,420,383.0,391.0,206,333,60,61,53,58,33.0,52,512,457,4.9,9.0,3.2,0.7,2.7,17.18,413.5
430.0,413,420,436,414.0,410.0,190,330,60,59,32,49,33.0,51,524,443,5.4,9.1,1.8,0.6,3.0,16.7,420.5
431.0,450,410,427,400.0,400.0,204,320,60,61,32,35,33.0,51,501,451,4.9,9.0,1.8,0.6,2.8,17.12,419.6666666666667
437.0,417,421,439,416.0,394.0,190,300,60,60,52,58,33.0,51,533,447,4.9,9.1,3.9,0.6,2.8,16.7,420.6666666666667
331.0,340,301,335,296.0,338.0,236,369,60,60,60,64,33.0,48,472,390,3.9,7.2,3.1,0.8,3.9,18.08,323.5
448.0,465,411,423,397.0,403.0,238,389,60,61,54,59,33.0,49,503,443,4.9,7.5,3.3,0.9,2.7,18.14,424.5
467.0,457,425,464,432.0,439.0,392,630,60,62,55,62,34.0,48,523,413,4.8,7.6,3.2,1.8,2.6,22.76,447.3333333333333
467.0,465,431,473,439.0,445.0,401,645,60,62,55,62,34.0,49,527,416,4.8,8.0,3.2,1.7,2.7,23.03,453.3333333333333
469.0,463,430,465,437.0,435.0,398,640,60,62,32,37,33.0,50,528,419,4.8,7.7,3.2,1.6,2.7,22.94,449.8333333333333
467.0,435,435,437,440.0,445.0,401,645,60,62,55,62,34.0,49,531,414,4.8,7.8,3.2,1.8,2.7,23.03,443.1666666666667
352.0,355,309,344,313.0,390.0,377,610,60,60,32,38,33.0,47,489,368,3.8,7.2,3.1,1.7,3.7,22.31,343.8333333333333
440.0,412,420,422,428.0,410.0,167,209,60,60,53,57,33.0,56,526,452,5.5,8.5,3.2,0.5,3.0,16.01,422.0
428.0,449,410,406,410.0,400.0,152,300,60,61,51,56,33.0,55,501,460,4.9,8.7,3.2,0.5,2.9,15.56,417.1666666666667
440.0,428,430,452,435.0,420.0,240,363,60,61,53,58,33.0,54,547,446,4.4,8.4,3.2,0.8,2.9,18.2,434.1666666666667
440.0,472,445,447,420.0,450.0,213,326,60,62,53,54,32.0,53,519,453,4.9,8.5,3.2,0.8,2.7,17.39,445.6666666666667
440.0,442,431,466,431.0,435.0,295,460,60,61,54,59,34.0,54,553,431,5.3,8.6,3.1,2.8,61.0,19.85,440.8333333333333
440.0,470,443,459,419.0,451.0,260,354,60,63,54,58,33.0,53,518,450,5.0,8.53,3.1,0.9,2.9,18.8,447.0
441.0,443,451,468,433.0,434.0,305,449,60,61,31,50,33.0,51,551,431,5.3,8.5,3.1,1.2,2.9,20.15,445.0
443.0,435,430,467,441.0,424.0,279,451,60,61,53,59,33.0,49,553,436,5.3,8.6,3.1,1.2,2.8,19.37,440.0
443.0,428,430,475,425.0,428.0,294,467,60,61,53,59,33.0,48,554,430,5.3,8.8,3.1,1.3,2.8,19.82,438.1666666666667
441.0,431,428,458,430.0,428.0,324,537,60,61,53,58,34.0,47,553,420,5.3,8.7,3.2,1.4,2.8,20.72,436.0
442.0,433,435,455,426.0,431.0,319,507,60,61,53,59,35.0,46,545,421,5.4,9.1,3.1,1.3,2.9,20.57,437.0
447.0,438,436,467,424.0,434.0,320,509,60,61,53,58,34.0,46,552,419,5.4,8.9,3.1,1.3,2.6,20.6,441.0
433.0,435,430,470,430.0,427.0,303,407,60,60,53,59,34.6,47,548,422,5.4,8.9,3.2,1.2,2.9,20.09,437.5
433.0,438,430,474,429.0,428.0,331,524,60,61,53,58,34.0,47,549,424,5.4,8.9,3.3,1.3,2.8,20.93,438.6666666666667
448.0,473,430,448,423.0,425.0,355,512,60,62,55,61,33.0,46,536,429,4.8,8.9,3.2,1.3,2.6,21.65,441.1666666666667
449.0,470,435,445,425.0,428.0,332,514,60,62,54,60,33.0,47,537,427,4.8,8.8,3.3,1.3,2.7,20.96,442.0
456.0,470,422,448,409.0,420.0,329,663,60,61,53,59,33.0,47,524,430,4.8,8.9,3.2,1.2,2.6,20.87,437.5
344.8,354,312,330,306.9,369.8,315,482,60,61,61,65,33.0,45,509,388,3.8,8.2,3.1,1.3,3.8,20.45,336.24999999999994
312.0,321,302,357,287.0,304.0,176,269,60,60,31,34,32.0,50,456,394,3.9,8.3,3.2,0.5,3.8,16.28,313.8333333333333
427.0,449,392,420,372.0,383.0,184,284,60,61,32,34,33.0,51,503,458,4.9,5.8,3.2,0.6,2.8,16.52,407.1666666666667
438.0,422,415,427,424.0,389.0,154,239,60,61,54,57,33.0,52,531,459,5.5,8.7,3.2,0.5,3.0,15.62,419.1666666666667
310.0,302,360,280,301.0,315.0,151,253,60,61,64,60,32.0,51,461,401,3.9,8.2,3.2,0.5,3.8,15.53,311.3333333333333
355.0,355,315,346,315.0,397.0,379,627,60,60,32,37,33.0,46,489,368,3.7,7.1,3.0,1.7,3.6,22.37,347.1666666666667
438.0,416,422,427,424.0,389.0,153,240,60,61,53,58,33.0,51,531,429,5.4,8.7,3.3,0.4,3.0,15.59,419.3333333333333
316.0,303,360,289,310.0,302.0,152,254,60,61,64,60,32.0,50,461,401,3.9,8.3,3.3,0.5,3.8,15.56,313.3333333333333
370.0,368,335,352,336.0,380.0,402,661,60,60,63,67,33.0,47,374,500,3.6,6.9,3.1,2.0,3.5,23.06,356.8333333333333
459.0,417,428,429,390.0,401.0,153,243,60,61,54,59,35.0,52,552,460,5.4,8.7,3.3,0.4,4.0,15.59,420.6666666666667
473.0,477,435,470,440.0,442.0,391,651,60,62,32,40,34.0,49,543,422,4.7,7.8,3.1,1.9,2.6,22.73,456.1666666666667
440.0,410,428,430,425.0,421.0,159,246,60,61,53,58,34.0,52,531,490,5.3,8.4,3.3,0.5,3.0,15.77,425.6666666666667
441.0,415,430,425,430.0,435.0,236,302,60,61,51,60,34.0,53,532,491,4.8,8.9,3.2,1.3,2.8,18.08,429.3333333333333
456.0,469,424,430,433.0,435.0,339,639,60,62,32,38,32.0,50,553,420,4.7,8.9,3.0,1.3,2.6,21.17,441.1666666666667
442.0,428,410,433,426.0,407.0,163,347,60,60,53,59,33.0,54,546,429,5.5,8.9,3.1,0.5,3.0,15.89,424.3333333333333
432.0,429,390,404,370.0,376.0,182,271,60,61,53,58,33.0,53,526,461,4.8,9.2,3.1,0.5,2.8,16.46,400.1666666666667
438.0,423,430,438,423.0,402.0,184,350,60,60,31,49,33.0,52,543,458,5.5,9.1,3.1,0.6,3.0,16.52,425.6666666666667
431.0,447,394,424,282.0,377.0,204,285,60,61,32,35,33.0,53,506,455,4.9,9.2,3.1,0.6,2.7,17.12,392.5
460.0,447,410,453,440.0,419.0,171,279,60,60,58,53,33.0,54,550,468,5.5,9.0,3.0,0.4,3.0,16.13,438.1666666666667
435.0,464,400,413,390.0,391.0,191,322,60,61,59,53,33.0,54,525,453,5.0,9.1,3.1,0.6,2.6,16.73,415.5
439.0,425,440,425,425.0,430.0,185,352,60,60,31,49,33.0,52,542,459,5.5,9.2,3.1,0.6,2.89,16.55,430.6666666666667
440.0,449,425,390,395.0,400.0,205,291,60,61,32,35,34.0,53,506,456,4.8,9.1,3.1,0.59,2.9,17.15,416.5
428.0,402,410,406,422.0,338.0,99,409,60,60,52,57,33.3,50,518,458,5.5,8.6,3.1,0.3,3.1,13.97,401.0
283.0,291,279,343,260.0,271.0,174,181,60,60,59,63,30.3,50,431,388,3.7,8.6,3.1,0.3,3.7,16.22,287.8333333333333
434.0,423,410,427,420.0,402.0,163,366,60,60,54,59,33.0,51,557,465,5.4,8.6,3.1,0.8,3.0,15.89,419.3333333333333
335.0,346,307,351,295.0,325.0,191,383,60,60,63,67,32.0,50,492,402,3.6,8.5,3.1,0.6,3.6,16.73,326.5
456.0,428,420,457,442.0,413.0,160,267,60,60,53,58,33.0,52,553,470,5.4,8.6,3.1,0.6,3.0,15.8,436.0
342.0,338,306,341,285.0,315.0,160,285,60,60,62,65,32.0,51,470,401,3.6,8.3,3.1,0.6,3.6,15.8,321.1666666666667
444.0,423,449,449,427.0,415.0,180,294,60,60,35,49,33.0,50,549,464,5.4,8.7,3.1,0.6,3.0,16.4,434.5
332.0,340,302,346,287.0,337.0,187,302,60,60,34,36,33.0,50,475,400,3.6,8.5,3.0,0.7,3.6,16.61,324.0
451.0,428,410,445,441.0,424.0,239,403,60,61,31,50,33.0,55,557,456,5.4,8.7,3.0,0.9,2.9,18.17,433.1666666666667
455.0,466,417,432,408.0,400.0,239,362,60,61,32,37,32.0,55,545,461,4.8,8.7,3.0,0.8,2.6,18.17,429.6666666666667
495.0,417,440,434,438.0,423.0,234,360,60,60,31,50,33.0,54,533,552,5.4,8.9,3.1,0.8,2.9,18.02,441.1666666666667
449.0,473,414,427,415.0,403.0,435,506,60,62,32,37,32.0,54,445,458,4.8,8.7,3.0,0.8,2.6,24.05,430.1666666666667
440.0,423,410,432,494.0,432.0,164,222,60,60,52,57,33.0,53,541,473,5.4,8.9,3.0,0.5,3.0,15.92,438.5
435.0,472,390,410,364.0,374.0,150,300,60,61,52,57,33.0,53,517,461,4.8,8.9,3.1,0.5,3.1,15.5,407.5
477.0,477,442,469,441.0,449.0,382,631,60,62,58,64,35.0,50,566,431,4.7,7.8,3.0,1.6,2.6,22.46,459.1666666666667
479.0,476,438,466,440.0,447.0,381,632,60,62,58,64,35.0,50,566,425,4.7,8.1,3.0,1.6,2.6,22.43,457.6666666666667
469.0,342,481,444,472.0,462.0,450,704,60,62,60,66,35.0,50,541,419,4.6,7.9,3.0,1.9,2.6,24.5,445.0
470.0,480,443,472,463.0,475.0,455,639,60,61,61,67,35.0,50,542,418,4.7,7.8,3.0,1.8,2.61,24.65,467.1666666666667
472.0,474,440,472,452.0,456.0,411,688,60,62,60,66,34.0,51,560,423,4.6,7.9,2.5,1.7,2.6,23.33,461.0
471.0,473,439,473,453.0,454.0,412,692,60,62,60,65,35.0,51,560,422,4.5,7.9,2.4,1.8,2.61,23.36,460.5
465.0,467,440,469,447.0,456.0,414,686,60,62,33,40,35.0,52,533,418,4.6,9.2,3.1,1.8,2.6,23.42,457.3333333333333
469.0,473,439,468,470.0,470.0,435,690,60,62,60,66,34.0,52,570,520,4.6,7.8,2.9,2.0,2.5,24.05,464.8333333333333
466.0,473,436,473,462.0,466.0,432,705,60,62,33,40,34.0,50,539,422,4.6,7.8,3.0,1.8,2.62,23.96,462.6666666666667
467.0,473,438,464,445.0,452.0,409,671,60,62,60,66,35.0,50,568,423,4.6,7.6,3.1,1.8,2.6,23.27,456.5
467.0,470,456,462,465.0,445.0,430,650,60,62,60,67,34.0,50,565,422,4.5,7.5,3.8,1.8,2.6,23.9,460.8333333333333
436.0,435,420,469,417.0,447.0,359,604,60,61,56,77,35.0,48,551,416,5.4,7.8,3.4,1.5,2.9,21.77,437.3333333333333
430.0,432,470,469,414.0,449.0,364,607,60,61,56,78,36.0,46,541,543,5.4,7.5,3.1,1.7,5.2,21.92,444.0
335.0,342,308,330,292.0,338.0,392,459,60,59,62,66,33.0,46,484,592,5.1,7.5,3.1,0.8,5.0,22.76,324.1666666666667
349.0,358,311,340,303.0,360.0,383,623,60,49,63,67,34.0,43,478,313,5.0,7.5,3.0,1.8,4.8,22.49,336.8333333333333
310.0,317,290,339,275.0,296.0,168,282,60,58,65,62,33.0,51,478,382,5.1,7.4,3.1,1.6,5.0,16.04,304.5
356.0,376,393,444,409.0,436.0,178,304,60,61,61,56,33.0,53,448,383,4.8,7.9,3.1,1.6,2.8,16.34,402.3333333333333
326.0,349,299,320,289.0,343.0,286,453,60,59,62,66,33.0,45,492,365,4.9,8.5,1.6,1.3,4.8,19.58,321.0
322.0,324,301,351,272.0,314.0,189,353,60,59,61,65,33.0,52,459,397,5.0,7.6,2.6,0.6,4.9,16.67,314.0
360.0,385,397,444,415.0,440.0,193,352,60,62,56,61,34.0,53,516,452,4.8,7.6,3.1,0.5,2.8,16.79,406.8333333333333
349.0,366,315,354,306.0,370.0,296,450,60,61,64,68,33.0,60,516,396,4.9,8.4,3.0,1.2,4.8,19.88,343.3333333333333
385.0,398,400,470,414.0,441.0,176,494,60,61,55,66,33.0,56,540,462,4.7,8.7,3.1,0.6,2.8,16.28,418.0
343.0,348,313,361,293.0,337.0,250,390,60,61,61,66,33.0,55,489,415,5.0,8.2,3.1,0.5,4.9,18.5,332.5
402.0,432,426,464,440.0,457.0,301,425,60,62,32,37,33.0,52,533,432,4.7,7.7,1.6,1.1,2.6,20.03,436.8333333333333
401.0,431,439,403,464.0,470.0,312,493,60,62,55,61,33.0,48,536,427,4.6,8.8,3.0,1.2,2.5,20.36,434.6666666666667
393.0,420,419,460,431.0,445.0,288,439,60,61,54,60,33.0,47,514,431,4.7,8.8,3.0,1.2,2.5,19.64,428.0
394.0,410,417,467,433.0,456.0,275,441,60,61,54,60,33.0,46,534,436,4.6,8.8,3.0,1.1,2.5,19.25,429.5
400.0,420,420,478,432.0,455.0,329,509,60,62,55,61,33.0,47,539,425,4.6,8.8,3.0,1.3,2.5,20.87,434.1666666666667
304.0,313,296,363,270.0,293.0,138,242,60,59,62,65,33.0,51,450,390,5.1,10.2,3.0,0.4,5.0,15.14,306.5
349.0,361,380,430,393.0,433.0,133,235,60,61,52,57,33.0,52,498,443,4.7,10.2,3.0,0.4,2.8,14.99,391.0
340.0,348,305,324,298.0,370.0,298,457,60,60,63,67,33.0,14,477,384,4.9,7.4,2.9,1.3,4.8,19.94,330.8333333333333
295.0,298,292,349,273.0,287.0,105,249,60,59,61,64,33.0,48,427,386,5.1,7.3,3.0,0.4,5.0,14.15,299.0
331.0,349,373,442,383.0,416.0,212,309,60,61,53,58,33.0,50,492,439,4.7,7.9,3.0,0.4,2.9,17.36,382.3333333333333
349.0,358,309,334,298.0,373.0,311,480,60,60,62,66,33.0,47,511,391,4.9,7.4,2.8,1.0,4.8,20.33,336.8333333333333
422.0,405,410,414,410.0,380.0,153,242,60,60,54,77,34.0,55,512,440,5.4,7.5,3.1,0.5,3.0,15.59,406.8333333333333
350.0,366,390,461,402.0,435.0,150,263,60,61,52,58,33.0,54,516,452,4.7,8.1,3.1,0.5,2.7,15.5,400.6666666666667
439.0,424,430,428,417.0,391.0,290,420,60,60,53,73,33.0,57,528,457,5.5,5.0,3.1,0.4,3.1,19.7,421.5
406.0,425,423,483,443.0,456.0,333,505,60,61,54,60,33.0,55,508,428,4.6,5.5,3.1,1.4,2.5,20.99,439.3333333333333
402.0,423,428,479,435.0,462.0,298,437,60,62,54,60,33.0,47,543,444,4.5,8.2,3.0,1.1,2.5,19.94,438.1666666666667
318.0,331,316,364,296.0,331.0,234,388,60,60,63,60,33.0,44,457,397,4.9,7.7,3.0,0.5,5.0,18.02,326.0
391.0,410,420,484,438.0,465.0,298,428,60,61,53,59,33.0,45,541,458,4.6,8.2,3.0,0.5,2.6,19.94,434.6666666666667
400.0,420,432,480,444.0,450.0,313,478,60,61,55,61,33.0,44,525,436,4.5,8.4,3.0,1.1,2.5,20.39,437.6666666666667
420.0,410,433,420,440.0,450.0,146,240,60,60,62,60,33.0,45,430,395,4.6,7.8,3.0,0.5,2.7,15.38,428.8333333333333
392.0,422,428,398,385.0,430.0,157,243,60,61,54,59,33.0,46,450,372,4.7,8.2,3.0,0.5,3.0,15.71,409.1666666666667
397.0,423,430,473,449.0,467.0,290,438,60,62,54,60,33.0,52,544,442,2.5,7.9,1.6,1.1,2.5,19.7,439.8333333333333
342.0,347,310,348,293.0,339.0,147,244,60,60,63,66,33.0,51,480,402,5.0,7.5,3.0,0.7,5.0,15.41,329.8333333333333
396.0,416,476,447,468.0,427.0,157,243,60,60,54,59,33.0,52,541,469,4.5,7.9,3.0,0.8,2.5,15.71,438.3333333333333
401.0,419,423,466,441.0,453.0,280,451,60,62,61,51,33.0,50,542,444,4.5,7.9,3.0,1.1,2.4,19.4,433.8333333333333
401.0,419,423,466,441.0,453.0,280,451,60,62,61,51,33.0,50,542,444,4.5,7.9,3.0,1.1,2.4,19.4,433.8333333333333
402.0,419,424,470,440.0,464.0,268,428,60,62,55,61,1.1,51,550,448,4.4,7.9,1.6,1.1,2.4,19.04,436.5
406.0,423,404,478,378.0,341.0,180,298,60,61,33,61,33.0,50,478,404,4.8,7.8,1.6,0.7,2.3,16.4,405.0
392.0,417,431,470,447.0,465.0,190,310,60,60,33,61,33.0,50,341,470,5.0,7.6,1.6,0.6,2.4,16.7,437.0
349.0,351,313,340,301.0,370.0,261,428,60,60,62,66,33.0,50,486,399,4.9,7.3,2.9,1.1,4.8,18.83,337.3333333333333
345.0,352,341,339,309.0,360.0,265,425,60,60,62,66,33.0,50,485,398,4.9,7.3,2.9,1.12,4.8,18.95,341.0
347.0,364,309,332,292.0,363.0,300,485,60,60,62,66,33.0,52,515,392,4.9,7.2,2.8,1.1,4.8,20.0,334.5
345.0,364,310,330,310.0,355.0,298,480,60,60,62,66,33.0,52,512,398,4.9,7.2,2.8,1.1,4.8,19.94,335.6666666666667
338.0,369,313,337,297.0,365.0,312,475,60,60,63,67,34.0,52,490,394,5.0,7.3,2.9,1.3,4.9,20.36,336.5
357.0,361,313,339,303.0,372.0,339,526,60,60,63,67,33.0,55,449,391,4.9,7.1,2.9,1.4,4.8,21.17,340.8333333333333
409.0,425,443,494,462.0,452.0,330,529,60,61,55,61,33.0,60,556,449,5.0,7.9,3.0,1.1,2.7,20.9,447.5
332.0,330,313,371,299.0,344.0,165,277,60,60,62,66,33.0,59,480,409,5.0,8.2,3.0,0.7,5.0,15.95,331.5
388.0,408,480,444,470.0,407.0,174,364,60,61,54,63,33.0,60,511,467,5.0,8.7,3.1,0.7,2.9,16.22,432.8333333333333
413.0,432,433,470,455.0,462.0,329,544,60,62,56,62,33.0,56,527,439,5.0,7.8,3.0,1.3,2.7,20.87,444.1666666666667
412.0,430,431,468,454.0,462.0,320,543,60,62,56,52,33.0,56,527,439,5.0,7.8,3.0,1.3,2.7,20.6,442.8333333333333
408.0,432,440,478,452.0,473.0,306,461,60,62,55,61,33.0,52,559,458,5.0,7.9,3.0,1.1,2.7,20.18,447.1666666666667
333.0,334,297,347,275.0,302.0,245,405,60,60,61,65,33.0,57,473,400,5.0,7.2,3.0,1.0,4.9,18.35,314.6666666666667
390.0,409,399,445,407.0,431.0,205,324,60,61,54,60,33.0,59,570,473,5.1,7.8,3.0,0.5,2.9,17.15,413.5
413.0,434,440,483,456.0,472.0,295,480,60,62,56,62,33.0,52,560,455,5.0,7.9,3.1,1.1,2.7,19.85,449.6666666666667
417.0,409,440,400,417.0,393.0,175,290,60,60,54,52,33.0,51,508,438,5.0,7.2,3.1,0.5,2.9,16.25,412.6666666666667
405.0,424,431,470,445.0,470.0,308,491,60,61,53,59,33.0,54,516,455,5.0,8.2,3.1,1.0,2.7,20.24,440.8333333333333
395.0,380,400,390,395.0,410.0,240,370,60,62,54,58,32.0,55,480,460,5.1,8.3,3.0,1.1,2.6,18.2,395.0
347.0,351,309,334,301.0,363.0,301,483,60,60,62,66,32.0,47,504,480,4.9,7.7,3.6,1.2,4.8,20.03,334.1666666666667
357.0,361,314,339,305.0,394.0,383,583,60,59,60,65,32.0,51,518,379,4.9,7.3,2.5,1.5,4.9,22.49,345.0
347.0,364,305,338,297.0,376.0,320,530,60,60,60,65,32.0,52,516,380,4.8,7.1,1.7,1.5,4.8,20.6,337.8333333333333
349.0,354,306,329,320.0,370.0,350,540,60,61,55,61,32.0,53,520,430,4.7,7.2,1.9,1.6,2.7,21.5,338.0
430.0,423,439,470,467.0,497.0,415,672,60,62,56,62,32.0,55,537,428,4.9,6.8,3.2,1.6,2.7,23.45,454.3333333333333
417.0,413,400,419,397.0,391.0,185,260,60,60,51,67,31.0,66,499,436,5.4,6.9,3.2,0.7,3.0,16.55,406.1666666666667
371.0,389,402,448,411.0,445.0,200,350,60,61,50,55,31.0,66,518,455,5.0,7.6,3.2,0.6,2.9,17.0,411.0
328.0,326,295,345,279.0,304.0,196,291,60,58,60,63,30.0,62,445,375,5.7,6.9,3.2,0.6,5.0,16.88,312.8333333333333
369.0,389,399,449,407.0,444.0,199,330,60,61,50,55,31.0,66,517,451,5.0,7.1,3.2,0.6,2.9,16.97,409.5
350.0,354,367,347,308.0,394.0,434,690,60,59,62,66,33.0,54,483,356,5.1,7.1,2.7,1.8,4.8,24.02,353.3333333333333
351.0,355,309,344,305.0,389.0,408,650,60,60,62,67,34.0,62,519,367,5.0,8.2,2.9,1.9,4.7,23.24,342.1666666666667
352.0,357,308,348,306.0,394.0,410,640,60,60,61,66,33.0,69,520,366,5.0,8.8,3.1,1.8,4.7,23.3,344.1666666666667
358.0,361,313,351,310.0,402.0,449,699,60,60,62,66,33.0,64,495,368,4.9,8.7,3.1,2.0,4.7,24.47,349.1666666666667
354.0,361,312,347,307.0,381.0,387,617,60,60,60,64,32.0,63,489,372,5.0,8.8,3.1,1.6,4.7,22.61,343.6666666666667
360.0,365,312,347,309.0,388.0,410,650,60,60,60,65,32.0,63,445,373,5.0,9.2,3.1,1.8,4.7,23.3,346.8333333333333
363.0,366,314,344,310.0,391.0,390,630,60,60,60,65,32.0,61,448,376,5.0,9.1,3.1,1.7,4.7,22.7,348.0
362.0,365,315,340,320.0,385.0,395,640,60,60,60,65,32.0,67,498,375,5.0,9.1,3.1,1.7,4.7,22.85,347.8333333333333
431.0,444,450,500,497.0,498.0,446,712,60,62,56,63,33.0,74,554,433,4.9,7.0,3.1,1.9,2.7,24.38,470.0
436.0,441,451,501,491.0,524.0,460,730,60,62,56,63,32.0,74,557,434,4.9,7.3,3.1,1.9,2.7,24.8,474.0
338.0,354,310,347,405.0,340.0,242,397,60,60,59,63,30.0,76,480,402,5.0,6.6,3.2,0.9,4.9,18.26,349.0
399.0,410,419,466,439.0,472.0,236,369,60,61,52,58,30.0,80,531,466,5.0,7.0,3.2,0.8,2.7,18.08,434.1666666666667
355.0,358,306,341,399.0,375.0,307,318,60,60,63,67,32.0,31,489,393,5.0,3.7,3.1,1.2,4.8,20.21,355.6666666666667
422.0,427,431,478,441.0,477.0,494,579,60,60,61,61,31.0,55,539,456,4.9,6.4,3.1,1.1,2.7,25.82,446.0
352.0,358,309,338,385.0,380.0,285,465,60,62,53,59,31.0,41,430,390,4.9,6.9,3.2,0.9,2.7,19.55,353.6666666666667
421.0,398,410,405,415.0,450.0,300,480,60,62,54,60,31.0,41,439,385,4.9,6.9,3.2,0.9,2.7,20.0,416.5
332.0,321,290,354,365.0,313.0,176,275,60,59,60,64,31.0,41,453,392,5.1,6.0,3.2,0.6,5.0,16.28,329.1666666666667
364.0,388,384,444,394.0,448.0,170,270,60,61,51,56,31.0,42,509,456,5.0,6.7,3.0,0.4,3.0,16.1,403.6666666666667
361.0,358,306,340,398.0,380.0,381,576,60,60,61,65,29.0,37,490,380,5.0,6.2,3.1,1.3,4.8,22.43,357.1666666666667
360.0,358,309,339,399.0,380.0,370,580,60,60,62,66,31.0,37,512,377,5.0,6.4,3.0,1.5,4.0,22.1,357.5
416.0,426,424,464,428.0,469.0,315,482,60,62,53,59,31.0,41,542,440,4.9,7.7,3.2,1.2,2.7,20.45,437.8333333333333
415.0,420,420,463,430.0,455.0,317,480,60,62,53,59,31.0,41,541,439,4.9,7.6,3.2,1.3,2.7,20.51,433.8333333333333
411.0,425,424,465,431.0,473.0,328,489,60,62,55,61,31.0,41,548,435,4.9,7.7,3.2,1.5,2.7,20.84,438.1666666666667
425.0,406,397,405,483.0,369.0,101,216,60,60,51,76,32.0,45,492,494,5.5,7.8,3.2,0.5,3.0,14.03,414.1666666666667
349.0,374,435,389,436.0,432.0,453,308,60,61,51,56,31.0,45,509,456,5.0,8.2,3.2,0.4,3.0,24.59,402.5
407.0,420,420,460,430.0,460.0,300,462,60,61,52,58,31.0,41,447,531,4.9,7.8,3.2,1.1,2.7,20.0,432.8333333333333
406.0,420,421,455,460431.0,460.0,313,456,60,60,53,59,32.0,43,445,529,4.8,7.9,3.1,1.1,2.65,20.39,77098.83333333333
411.0,423,423,466,435.0,470.0,332,521,60,62,54,60,31.0,45,534,440,4.9,7.9,3.2,1.3,2.6,20.96,438.0
416.0,431,428,472,441.0,480.0,330,497,60,62,54,60,31.0,41,553,447,4.9,7.8,3.2,1.2,2.6,20.9,444.6666666666667
355.0,344,306,340,393.0,365.0,320,530,60,60,63,67,32.0,42,499,380,4.9,7.2,3.1,1.3,4.8,20.6,350.5
334.0,331,288,350,371.0,318.0,183,272,60,59,60,64,31.0,43,462,394,5.0,7.0,3.1,0.7,4.9,16.49,332.0
366.0,393,383,438,393.0,448.0,183,328,60,61,52,57,31.0,43,509,462,5.0,7.7,3.2,0.5,2.9,16.49,403.5
365.0,357,314,341,403.0,384.0,345,520,60,61,62,64,31.0,43,490,386,4.9,7.0,3.0,1.4,4.7,21.35,360.6666666666667
346.0,342,298,398,386.0,343.0,230,370,60,59,59,63,30.0,38,484,394,4.9,6.9,3.1,0.9,4.8,17.9,352.1666666666667
363.0,355,315,340,401.0,380.0,343,482,60,60,62,67,39.0,39,514,380,4.9,7.0,3.0,1.6,4.7,21.29,359.0
325.0,320,292,350,376.0,293.0,154,236,60,59,58,61,27.0,46,459,400,5.0,6.7,3.4,0.56,4.9,15.62,326.0
365.0,386,383,442,391.0,456.0,156,291,60,59,58,61,30.0,40,418,407,5.2,7.8,3.4,0.4,3.4,15.68,403.8333333333333
428.0,430,432,490,472.0,490.0,382,616,60,62,53,60,31.0,80,548,495,4.7,7.9,3.3,1.6,2.7,22.46,457.0
423.0,447,424,494,482.0,506.0,404,650,60,62,53,60,30.0,82,576,436,4.8,7.6,3.4,1.6,2.7,23.12,462.6666666666667
460.0,461,496,392,394.0,385.0,271,575,60,61,51,57,31.0,82,550,460,4.7,7.6,3.4,0.8,2.72,19.13,431.3333333333333
419.0,433,425,438,423.0,430.0,239,350,60,61,52,78,32.0,82,542,441,5.4,7.6,3.3,0.8,2.9,18.17,428.0
462.0,465,498,393,394.0,386.0,263,503,60,61,51,57,36.0,83,552,468,4.8,7.5,3.3,0.8,2.7,18.89,433.0
474.0,494,499,445,470.0,457.0,457,724,60,62,54,60,34.0,73,569,434,4.8,7.9,3.3,1.9,2.7,24.71,473.1666666666667
377.0,381,330,369,411.0,406.0,485,756,60,60,61,65,38.0,74,541,380,4.8,7.1,3.2,2.0,4.7,25.55,379.0
361.0,368,318,360,406.0,394.0,380,620,60,60,54,64,40.0,78,529,381,4.8,7.8,3.2,1.6,4.7,22.4,367.8333333333333
368.0,373,329,371,415.0,408.0,424,677,60,60,60,64,39.0,76,509,384,4.8,7.1,3.1,1.7,4.7,23.72,377.3333333333333
450.0,439,438,439,426.0,434.0,189,299,60,61,53,74,33.0,81,544,467,5.4,8.1,3.4,0.6,3.0,16.67,437.6666666666667
342.0,351,309,373,406.0,325.0,208,342,60,60,59,63,29.0,80,486,414,5.1,8.2,3.3,0.7,4.8,17.24,351.0
428.0,445,431,490,473.0,498.0,417,681,60,62,54,61,36.0,77,545,428,4.8,7.9,3.3,1.7,2.6,23.51,460.8333333333333
450.0,475,455,512,489.0,518.0,440,725,60,62,58,65,38.0,79,574,442,4.7,7.7,3.3,2.1,2.6,24.2,483.1666666666667
433.0,459,440,487,477.0,500.0,411,666,60,62,56,53,36.0,77,561,442,4.8,7.9,3.3,1.6,2.6,23.33,466.0
376.0,381,329,373,411.0,408.0,447,721,60,61,61,65,36.0,78,544,381,4.8,7.1,3.2,2.0,4.7,24.41,379.6666666666667
372.0,374,326,368,368.0,414.0,445,700,60,60,60,60,64.0,78,540,382,4.8,7.2,3.2,1.9,4.7,24.35,370.3333333333333
365.0,371,321,364,408.0,403.0,398,657,60,60,59,63,33.0,78,507,382,4.7,7.3,3.3,1.9,4.7,22.94,372.0
364.0,373,317,364,410.0,402.0,401,641,60,60,59,64,32.0,78,508,384,4.8,7.5,3.2,1.6,4.7,23.03,371.6666666666667
390.0,357,307,355,399.0,343.0,270,400,60,60,59,60,32.0,78,500,499,4.8,8.1,3.2,1.1,4.8,19.1,358.5
409.0,427,423,464,414.0,447.0,270,460,60,62,53,60,32.0,78,541,480,4.9,7.7,3.4,0.9,2.6,19.1,430.6666666666667
357.0,363,310,360,406.0,389.0,370,600,60,60,58,60,31.0,77,523,388,4.9,6.9,3.2,1.5,4.7,22.1,364.1666666666667
435.0,448,431,490,482.0,498.0,462,770,60,62,58,62,32.0,82,549,431,5.0,8.1,3.3,1.8,2.6,24.86,464.0
443.0,419,411,428,419.0,402.0,185,301,60,60,53,72,32.0,89,502,451,5.2,8.4,3.2,0.7,3.0,16.55,420.3333333333333
378.0,409,402,381,417.0,420.0,176,295,60,61,51,58,33.0,89,510,431,4.9,8.9,3.2,0.6,3.0,16.28,401.1666666666667
447.0,423,423,431,420.0,410.0,160,220,60,60,51,73,32.0,89,517,463,5.4,8.5,3.4,0.4,3.0,15.8,425.6666666666667
389.0,402,399,376,423.0,415.0,150,290,60,61,49,54,31.0,89,507,429,4.9,8.7,3.4,0.4,2.9,15.5,400.6666666666667
445.0,435,429,434,414.0,423.0,200,290,60,60,53,73,31.0,84,526,460,5.4,9.0,3.4,0.5,2.9,17.0,430.0
396.0,410,406,444,385.0,427.0,190,350,60,61,50,55,31.0,84,518,464,5.0,8.8,3.4,0.5,2.9,16.7,411.3333333333333
448.0,433,432,436,416.0,433.0,225,374,60,60,51,73,32.0,85,558,458,5.4,9.1,3.4,0.6,2.9,17.75,433.0
408.0,422,425,460,472.0,469.0,208,348,60,61,50,56,31.0,85,511,466,5.0,8.7,3.4,0.6,2.8,17.24,442.6666666666667
445.0,428,425,438,411.0,425.0,190,317,60,60,51,73,31.0,84,565,458,5.4,8.7,2.9,0.7,2.9,16.7,428.6666666666667
413.0,426,422,465,407.0,441.0,198,327,60,61,50,55,31.0,85,508,465,4.9,8.8,3.4,0.6,2.8,16.94,429.0
440.0,430,424,430,410.0,425.0,200,400,60,60,52,72,31.0,85,550,460,5.5,8.6,3.0,0.7,2.9,17.0,426.5
418.0,420,422,465,411.0,443.0,210,398,60,61,30,53,31.0,85,505,465,5.0,8.7,3.4,0.6,2.8,17.3,429.8333333333333
449.0,434,428,438,420.0,431.0,170,310,60,61,51,73,32.0,84,528,462,5.4,9.0,3.4,0.6,3.0,16.1,433.3333333333333
399.0,477,405,440,381.0,427.0,180,360,60,61,50,56,31.0,85,524,466,4.5,8.8,3.4,0.5,2.8,16.4,421.5
464.0,441,438,453,439.0,438.0,217,375,60,62,52,72,32.0,88,560,464,5.3,8.8,3.4,0.7,2.9,17.51,445.5
410.0,423,419,458,408.0,442.0,219,329,60,61,51,56,30.0,87,524,469,4.8,8.6,3.4,0.7,2.6,17.57,426.6666666666667
452.0,435,425,439,422.0,420.0,179,314,60,61,50,74,31.0,85,549,467,5.3,8.7,3.4,0.5,3.0,16.37,432.1666666666667
396.0,406,408,441,384.0,428.0,170,239,60,61,49,55,31.0,85,508,464,4.7,8.8,3.5,0.4,2.9,16.1,410.5
449.0,433,424,438,425.0,425.0,201,360,60,61,57,74,32.0,88,552,453,5.4,8.7,3.5,0.7,3.0,17.03,432.3333333333333
406.0,416,413,448,401.0,438.0,201,300,60,61,50,55,30.0,88,524,467,4.7,8.7,3.4,0.6,2.7,17.03,420.3333333333333
455.0,136,128,440,427.0,428.0,290,310,60,61,51,74,32.0,78,532,464,5.3,8.8,3.5,0.9,3.0,19.7,335.6666666666667
451.0,428,433,442,425.0,421.0,300,334,60,60,53,72,33.0,88,528,408,5.2,8.8,3.2,0.9,3.2,20.0,433.3333333333333
450.0,430,424,427,420.0,434.0,177,367,60,61,51,76,32.0,86,541,466,5.2,9.2,3.6,0.9,2.9,16.31,430.8333333333333
394.0,406,408,450,382.0,432.0,174,256,60,61,50,55,30.0,85,517,466,4.8,8.6,3.4,0.6,2.6,16.22,412.0
455.0,422,428,455,431.0,439.0,260,490,60,62,52,72,32.0,83,540,440,5.3,9.0,3.5,0.9,2.9,18.8,438.3333333333333
424.0,426,427,474,444.0,487.0,287,403,60,62,51,57,30.0,83,557,461,4.7,8.9,3.4,0.8,2.5,19.61,447.0
447.0,426,422,431,453.0,448.0,205,392,60,61,51,76,32.0,86,537,470,5.3,8.9,3.5,0.9,2.8,17.15,437.8333333333333
401.0,407,407,450,386.0,432.0,189,257,60,61,50,55,30.0,85,515,469,4.7,8.8,3.4,0.5,2.8,16.67,413.8333333333333
464.0,441,440,452,442.0,441.0,209,325,60,61,50,55,31.0,86,517,467,5.4,8.8,3.5,0.9,2.8,17.27,446.6666666666667
402.0,405,450,390,433.0,450.0,205,290,60,61,50,76,31.0,86,557,473,4.8,8.9,3.4,0.6,2.8,17.15,421.6666666666667
461.0,438,435,448,449.0,436.0,206,306,60,61,51,74,31.0,83,590,474,5.3,8.3,3.4,0.6,2.9,17.18,444.5
347.0,357,324,366,415.0,351.0,226,426,60,60,58,63,32.0,82,494,418,4.9,8.4,3.3,0.8,4.8,17.78,360.0
449.0,433,430,447,428.0,431.0,198,292,60,61,52,73,32.0,82,549,468,5.3,7.7,2.9,0.6,2.9,16.94,436.3333333333333
343.0,350,316,371,403.0,334.0,199,395,60,60,60,64,31.0,80,487,415,5.0,8.0,3.3,0.6,4.8,16.97,352.8333333333333
452.0,430,435,450,428.0,430.0,310,560,60,61,52,72,32.0,80,550,480,5.2,7.8,3.0,1.1,3.0,20.3,437.5
434.0,440,436,444,405.0,451.0,389,620,60,59,54,75,36.0,87,549,405,5.1,7.8,3.3,1.9,2.2,22.67,435.0
432.0,436,427,489,452.0,495.0,379,622,60,62,54,61,34.0,98,550,440,4.6,7.6,3.3,1.5,2.5,22.37,455.1666666666667
430.0,448,424,487,455.0,478.0,374,616,60,62,54,61,34.0,101,549,443,4.6,7.9,3.3,1.4,2.5,22.22,453.6666666666667
425.0,395,400,380,450.0,460.0,400,620,60,62,54,61,33.0,100,550,445,4.5,7.8,3.2,1.4,2.5,23.0,418.3333333333333
441.0,449,435,410,483.0,462.0,410,690,60,62,55,76,38.0,98,561,413,5.1,7.7,3.5,1.7,2.6,23.3,446.6666666666667
433.0,455,441,475,417.0,494.0,425,692,60,61,54,75,38.0,101,557,416,5.1,8.9,3.4,1.7,2.6,23.75,452.5
419.0,456,439,459,406.0,474.0,389,640,60,61,54,75,39.0,96,549,416,5.1,7.6,3.4,1.6,2.6,22.67,442.1666666666667
420.0,425,423,428,411.0,433.0,252,403,60,61,53,73,36.0,98,532,435,5.1,7.8,3.4,0.9,2.7,18.56,423.3333333333333
351.0,365,320,364,427.0,366.0,250,426,60,60,60,64,35.0,95,502,422,5.0,7.4,3.4,0.9,4.7,18.5,365.5
425.0,425,419,427,410.0,426.0,240,390,60,61,51,72,34.0,96,517,436,5.1,8.0,3.5,0.8,2.7,18.2,422.0
347.0,358,320,363,415.0,351.0,227,374,60,60,58,62,31.0,94,503,417,5.0,7.5,3.4,0.8,4.7,17.81,359.0
425.0,423,416,428,413.0,420.0,220,379,60,61,50,71,33.0,102,526,435,5.1,8.4,3.5,0.8,2.7,17.6,420.8333333333333
356.0,360,318,361,419.0,356.0,225,363,60,60,56,61,31.0,100,500,422,5.0,8.0,3.4,0.8,4.7,17.75,361.6666666666667
426.0,424,428,406,427.0,428.0,216,373,60,61,52,72,35.0,96,528,440,5.1,8.1,3.4,0.8,2.7,17.48,423.1666666666667
352.0,358,321,364,419.0,355.0,217,371,60,60,58,62,33.0,94,495,422,5.0,7.3,3.4,0.8,4.7,17.51,361.5
376.0,380,329,360,402.0,414.0,429,701,60,61,61,66,34.0,95,546,380,4.7,7.3,3.2,2.0,4.6,23.87,376.8333333333333
384.0,385,368,413,422.0,335.0,498,788,60,61,61,66,42.0,96,556,381,4.8,7.2,3.2,2.2,4.7,25.94,384.5
379.0,377,327,356,402.0,416.0,433,690,60,60,59,64,36.0,94,507,382,4.8,7.3,3.2,1.8,4.7,23.99,376.1666666666667
373.0,369,322,352,413.0,408.0,408,667,60,60,59,64,34.0,96,508,382,4.8,6.8,3.3,1.7,4.7,23.24,372.8333333333333
390.0,382,340,360,411.0,410.0,487,776,60,61,60,66,40.0,95,548,374,4.7,7.0,3.2,2.2,4.6,25.61,382.1666666666667
367.0,366,314,345,398.0,390.0,383,642,60,60,58,62,36.0,98,501,389,4.7,7.1,3.3,1.7,4.7,22.49,363.3333333333333
369.0,365,315,350,398.0,394.0,375,602,60,60,58,62,37.0,98,498,377,4.8,7.0,3.2,1.7,4.7,22.25,365.1666666666667
370.0,363,313,351,398.0,398.0,416,452,60,60,58,63,37.0,97,500,380,4.8,7.2,3.3,1.6,4.7,23.48,365.5
390.0,377,321,359,409.0,403.0,462,733,60,60,59,64,40.0,94,540,374,4.7,7.1,3.2,2.1,4.6,24.86,376.5
338.0,340,302,343,388.0,331.0,200,270,60,59,59,61,31.0,98,483,397,4.8,7.4,3.5,0.8,4.8,17.0,340.3333333333333
409.0,415,416,441,396.0,430.0,200,450,60,61,52,57,32.0,98,532,461,4.7,7.6,3.6,0.7,4.6,17.0,417.8333333333333
342.0,347,309,357,401.0,347.0,135,209,60,59,58,62,30.0,101,469,401,4.9,7.9,3.4,0.6,4.8,15.05,350.5
407.0,414,416,456,396.0,419.0,123,454,60,61,50,55,30.0,105,527,453,4.6,8.2,3.6,0.7,2.5,14.69,418.0
414.0,410,406,406,396.0,403.0,200,394,60,59,57,62,30.0,102,500,427,5.2,9.3,3.6,0.6,4.7,17.0,405.8333333333333
339.0,340,307,356,400.0,329.0,194,283,60,59,58,62,30.0,102,480,408,5.0,9.3,3.5,0.7,4.7,16.82,345.1666666666667
427.0,419,411,417,393.0,414.0,150,279,60,60,70,49,31.0,105,507,427,5.1,8.3,3.6,0.6,2.7,15.5,413.5
338.0,342,366,398,314.0,310.0,180,290,60,59,61,57,30.0,103,482,408,5.0,8.4,3.5,0.6,4.7,16.4,344.6666666666667
419.0,417,405,423,409.0,422.0,229,389,60,61,50,71,31.0,103,506,429,5.0,8.2,3.7,0.4,2.7,17.87,415.8333333333333
347.0,348,305,355,408.0,338.0,255,429,60,60,58,62,30.0,101,483,413,5.0,8.2,3.2,0.8,4.7,18.65,350.1666666666667
413.0,408,401,408,400.0,402.0,198,350,60,60,50,70,31.0,95,507,424,5.0,7.7,3.6,0.7,2.7,16.94,405.3333333333333
346.0,344,309,351,402.0,333.0,202,320,60,59,58,62,30.0,94,480,408,5.0,7.6,3.5,0.7,4.7,17.06,347.5
431.0,421,440,396,456.0,321.0,373,572,60,61,51,71,33.0,99,539,402,4.9,8.2,3.5,1.5,2.6,22.19,410.8333333333333
431.0,431,436,483,464.0,457.0,405,640,60,62,53,59,31.0,98,542,431,4.5,8.2,3.6,1.5,2.5,23.15,450.3333333333333
425.0,426,423,469,448.0,439.0,369,596,60,62,51,58,31.0,101,536,430,4.5,8.2,3.6,1.5,2.5,22.07,438.3333333333333
324.0,329,301,377,392.0,298.0,174,342,60,59,58,62,30.0,103,456,406,5.0,7.9,3.5,0.6,4.9,16.22,336.8333333333333
393.0,399,407,431,386.0,425.0,179,269,60,61,48,54,30.0,108,513,456,4.5,8.0,3.7,0.4,2.6,16.37,406.8333333333333
355.0,365,320,354,407.0,347.0,269,478,60,59,59,63,30.0,98,474,400,4.9,7.9,3.5,1.0,4.8,19.07,358.0
419.0,416,417,458,401.0,428.0,223,388,60,62,51,56,30.0,102,533,465,4.3,7.9,3.6,0.8,2.5,17.69,423.1666666666667
355.0,365,320,354,407.0,347.0,269,478,60,59,59,63,30.0,98,474,400,4.9,7.9,3.5,1.0,4.8,19.07,358.0
419.0,416,417,458,402.0,428.0,223,388,60,62,51,56,30.0,102,533,465,4.3,7.9,3.6,0.8,2.5,17.69,423.3333333333333
351.0,364,310,339,397.0,344.0,288,522,60,59,58,63,30.0,96,507,397,4.8,7.9,3.5,1.3,4.7,19.64,350.8333333333333
432.0,419,424,462,419.0,425.0,261,437,60,61,50,56,30.0,100,556,456,4.2,8.2,3.6,0.6,2.3,18.83,430.1666666666667
341.0,340,309,351,406.0,330.0,209,375,60,59,57,61,30.0,95,482,405,4.8,7.9,3.4,0.8,4.8,17.27,346.1666666666667
402.0,403,414,445,399.0,431.0,208,296,60,62,50,55,30.0,100,528,456,4.0,8.1,3.7,0.7,2.2,17.24,415.6666666666667
344.0,343,310,349,406.0,335.0,213,381,60,59,58,62,30.0,96,486,400,4.8,7.9,3.5,0.8,4.7,17.39,347.8333333333333
397.0,399,409,451,397.0,426.0,205,294,60,62,49,55,31.0,100,528,456,3.6,8.1,3.7,0.6,2.0,17.15,413.1666666666667
420.0,415,407,408,401.0,407.0,198,295,60,61,50,71,31.0,100,514,430,4.9,8.1,3.6,0.7,2.7,16.94,409.6666666666667
344.0,346,312,365,409.0,326.0,180,316,60,60,57,62,30.0,99,486,416,4.9,8.0,3.0,0.6,4.7,16.4,350.3333333333333
436.0,449,432,436,403.0,422.0,197,362,60,61,51,71,31.0,100,520,427,4.9,8.1,3.6,0.8,2.6,16.91,429.6666666666667
349.0,351,307,347,390.0,320.0,208,403,60,60,59,64,30.0,98,508,414,4.9,7.9,2.7,0.9,4.6,17.24,344.0
420.0,407,406,411,398.0,402.0,173,293,60,60,59,70,31.0,99,497,428,4.6,8.4,3.6,0.6,2.6,16.19,407.3333333333333
343.0,344,309,373,406.0,317.0,173,277,60,59,57,62,30.0,96,476,416,4.9,8.3,2.7,0.6,4.6,16.19,348.6666666666667
417.0,415,402,408,393.0,405.0,189,352,60,60,50,71,31.0,99,509,427,4.8,8.3,3.6,0.7,2.6,16.67,406.6666666666667
363.0,369,321,368,411.0,364.0,209,344,60,60,58,63,30.0,98,489,411,4.8,8.2,2.7,0.7,4.6,17.27,366.0
342.0,344,315,351,407.0,334.0,202,330,60,59,58,63,30.0,92,489,418,4.8,7.4,2.6,0.7,4.6,17.06,348.8333333333333
400.0,406,416,435,397.0,433.0,195,328,60,61,50,55,30.0,96,537,470,5.0,7.4,3.6,0.5,2.9,16.85,414.5
369.0,386,327,359,406.0,393.0,426,675,60,60,59,64,43.0,90,507,381,4.6,7.3,2.8,1.8,4.5,23.78,373.3333333333333
369.0,382,327,358,409.0,388.0,419,681,60,60,59,65,43.0,90,509,381,4.6,7.1,2.6,1.8,4.5,23.57,372.1666666666667
370.0,384,330,360,410.0,390.0,410,690,60,60,59,65,43.0,91,510,390,4.6,7.6,2.5,1.8,4.5,23.3,374.0
375.0,376,322,355,405.0,381.0,388,628,60,60,59,63,34.0,95,512,389,4.6,7.1,3.3,1.8,4.4,22.64,369.0
381.0,388,329,363,414.0,380.0,426,690,60,60,59,64,39.0,100,520,383,4.5,8.7,3.2,1.9,4.4,23.78,375.8333333333333
383.0,388,333,363,414.0,380.0,443,725,60,60,59,64,42.0,84,516,389,4.6,7.2,3.1,1.8,4.4,24.29,376.8333333333333
351.0,357,321,349,414.0,332.0,219,321,60,61,60,64,33.0,95,515,406,4.5,7.1,3.4,1.9,4.4,17.57,354.0
448.0,448,453,506,460.0,474.0,463,761,60,62,55,61,35.0,104,583,441,4.9,7.3,3.5,1.9,2.7,24.89,464.8333333333333
431.0,416,405,425,405.0,422.0,216,339,60,61,51,71,34.0,104,507,430,4.8,7.6,3.5,0.8,2.6,17.48,417.3333333333333
344.0,355,324,356,423.0,377.0,221,380,60,60,58,63,33.0,103,506,420,4.7,7.5,3.5,0.8,4.4,17.63,363.1666666666667
416.0,406,393,408,394.0,406.0,176,283,60,61,50,70,33.0,110,494,428,4.7,8.1,3.6,0.6,2.6,16.28,403.8333333333333
344.0,348,317,369,414.0,322.0,187,301,60,60,58,62,32.0,108,490,420,4.7,8.1,3.4,0.6,4.4,16.61,352.3333333333333
382.0,398,335,364,417.0,383.0,431,705,60,61,60,65,40.0,108,551,389,4.4,6.6,3.2,1.9,4.3,23.93,379.8333333333333
393.0,399,344,366,427.0,391.0,469,750,60,61,60,65,40.0,110,527,434,4.3,7.6,3.3,2.1,4.2,25.07,386.6666666666667
400.0,402,343,364,428.0,402.0,485,768,60,61,60,65,38.0,106,529,390,4.3,6.8,3.3,2.2,4.2,25.55,389.8333333333333
393.0,394,338,361,414.0,390.0,468,753,60,61,60,65,41.0,109,557,386,4.3,6.7,3.3,2.0,4.2,25.04,381.6666666666667
389.0,391,337,358,406.0,383.0,440,702,60,61,59,65,39.0,102,549,383,4.3,7.1,2.8,2.0,4.2,24.2,377.3333333333333
406.0,399,344,365,417.0,399.0,496,782,60,61,60,67,41.0,103,534,399,4.3,7.0,2.6,2.3,4.2,25.88,388.3333333333333
400.0,393,338,364,413.0,397.0,464,743,60,61,60,66,41.0,104,528,399,4.3,6.8,3.1,2.0,4.1,24.92,384.1666666666667
409.0,406,346,372,419.0,406.0,470,750,60,61,60,66,37.0,105,366,533,4.2,6.4,2.9,2.2,4.0,25.1,393.0
408.0,400,344,366,419.0,400.0,479,777,60,61,60,67,37.0,104,565,388,4.2,6.5,2.5,2.3,4.1,25.37,389.5
406.0,394,344,367,413.0,382.0,465,746,60,60,59,65,40.0,100,528,388,4.2,7.0,2.9,2.1,4.1,24.95,384.3333333333333
406.0,385,332,360,407.0,377.0,431,685,60,60,59,65,40.0,100,526,388,4.2,7.0,2.9,2.1,4.1,23.93,377.8333333333333
415.0,411,410,424,436.0,436.0,501,818,60,62,57,64,37.0,107,575,414,4.8,7.0,3.2,2.0,2.7,26.03,422.0
415.0,405,408,423,436.0,441.0,498,798,60,62,57,64,37.0,108,574,414,4.8,7.8,3.5,2.0,2.7,25.94,421.3333333333333
406.0,390,398,409,418.0,431.0,444,710,60,62,55,62,36.0,102,550,414,4.9,7.3,3.5,1.8,2.7,24.32,408.6666666666667
401.0,390,397,408,417.0,430.0,447,700,60,62,55,61,36.0,102,549,414,4.9,7.3,3.5,1.7,2.7,24.41,407.1666666666667
400.0,389,397,416,415.0,431.0,470,750,60,62,56,62,36.0,105,560,410,4.8,7.1,3.5,1.8,2.7,25.1,408.0
410.0,394,402,424,424.0,440.0,487,785,60,62,56,63,37.0,408,569,407,4.8,7.2,3.5,2.1,2.7,25.61,415.6666666666667
413.0,388,399,422,420.0,432.0,501,817,60,62,57,64,38.0,109,554,408,4.8,7.4,3.5,2.1,2.7,26.03,412.3333333333333
411.0,399,405,427,432.0,438.0,503,775,60,62,56,63,38.0,108,553,407,4.8,7.1,3.5,2.1,2.7,26.09,418.6666666666667
402.0,398,401,414,423.0,423.0,430,709,60,62,54,60,36.0,109,562,409,4.9,7.0,3.5,1.8,2.7,23.9,410.1666666666667
407.0,390,403,421,428.0,432.0,490,790,60,62,56,63,37.0,108,570,403,4.8,7.2,3.5,2.2,2.7,25.7,413.5
416.0,398,410,432,430.0,443.0,499,795,60,62,56,63,38.0,109,558,408,4.8,7.3,3.5,2.3,2.7,25.97,421.5
411.0,397,408,430,430.0,438.0,492,794,60,62,55,61,36.0,108,549,406,4.8,7.0,3.5,2.0,2.7,25.76,419.0
406.0,397,405,423,424.0,433.0,461,739,60,62,54,61,36.0,107,566,406,4.8,7.2,3.5,2.0,2.7,24.83,414.6666666666667
399.0,383,394,411,419.0,423.0,416,667,60,62,55,61,35.0,106,557,407,4.8,7.4,3.5,1.7,2.7,23.48,404.8333333333333
344.0,350,321,356,422.0,333.0,242,357,60,60,60,64,0.8,102,490,409,4.3,8.0,3.4,0.8,4.2,18.26,354.3333333333333
381.0,380,380,399,402.0,406.0,200,352,60,62,51,56,0.7,106,509,441,5.0,8.1,3.6,0.6,2.8,17.0,391.3333333333333
400.0,398,380,402,410.0,360.0,300,620,60,60,60,63,34.0,102,530,450,4.0,8.2,3.3,1.4,4.0,20.0,391.6666666666667
346.0,348,315,372,414.0,315.0,180,302,60,60,60,64,34.0,101,480,413,4.1,8.0,3.2,0.6,4.0,16.4,351.6666666666667
389.0,391,383,405,403.0,410.0,198,330,60,61,53,59,34.0,104,524,444,5.0,8.2,3.3,0.6,2.8,16.94,396.8333333333333
397.0,377,399,405,408.0,414.0,354,560,60,62,54,60,33.0,106,548,415,4.9,8.0,3.3,1.4,2.7,21.62,400.0
333.0,339,313,381,407.0,308.0,186,318,60,61,59,63,34.0,104,468,414,4.2,8.0,3.2,0.5,2.7,16.58,346.8333333333333
381.0,388,381,402,397.0,405.0,188,308,60,61,51,57,34.0,106,512,442,5.0,8.1,3.3,0.5,2.9,16.64,392.3333333333333
399.0,379,403,411,397.0,411.0,283,458,60,62,52,59,33.0,105,521,431,4.9,8.0,3.3,1.0,2.7,19.49,400.0
326.0,340,316,340,348.0,354.0,130,260,60,60,61,65,34.0,103,503,414,4.1,7.7,3.2,0.5,5.1,14.9,337.3333333333333
373.0,381,376,382,390.0,392.0,125,277,60,61,51,57,34.0,107,493,478,5.0,8.1,3.3,0.4,3.0,14.75,382.3333333333333
394.0,381,400,410,396.0,416.0,258,458,60,61,52,58,34.0,105,531,430,5.0,8.1,3.3,0.9,2.8,18.74,399.5
359.0,374,323,330,344.0,340.0,146,254,60,61,61,65,34.0,102,449,416,4.0,8.0,3.1,0.6,5.0,15.38,345.0
370.0,376,377,386,388.0,396.0,133,238,60,61,51,57,34.0,105,490,436,4.9,8.2,3.3,0.4,3.0,14.99,382.1666666666667
352.0,368,326,331,350.0,349.0,159,262,60,60,57,61,33.0,101,442,413,3.8,7.9,3.4,0.5,5.0,15.77,346.0
371.0,381,375,381,385.0,397.0,140,248,60,61,49,54,34.0,104,480,432,5.0,8.3,3.5,0.4,3.0,15.2,381.6666666666667
344.0,361,320,326,355.0,350.0,161,296,60,60,59,63,36.0,100,514,457,3.6,7.8,2.8,0.7,4.9,15.83,342.6666666666667
377.0,388,377,396,398.0,401.0,159,286,60,61,44,54,34.0,103,517,445,4.9,8.2,3.5,0.5,3.0,15.77,389.5
397.0,375,400,406,415.0,414.0,360,578,60,62,53,60,34.0,105,551,414,4.8,7.9,3.5,1.4,2.6,21.8,401.1666666666667
433.0,424,413,423,393.0,405.0,183,314,60,61,52,72,35.0,108,516,433,4.8,8.3,3.5,0.8,2.6,16.49,415.1666666666667
396.0,389,399,411,408.0,424.0,221,405,60,62,51,57,34.0,109,518,452,4.8,8.2,3.5,0.5,2.7,17.63,404.5
403.0,374,405,414,424.0,414.0,424,656,60,62,53,60,35.0,106,533,406,4.8,8.1,3.4,1.6,2.6,23.72,405.6666666666667
423.0,413,406,432,408.0,417.0,230,345,60,61,52,72,35.0,108,506,431,4.7,8.2,3.5,0.8,2.5,17.9,416.5
396.0,388,398,409,422.0,421.0,270,437,60,61,51,57,33.0,109,524,444,4.9,8.2,3.6,0.7,2.5,19.1,405.6666666666667
417.0,410,400,422,405.0,414.0,200,350,60,61,52,72,35.0,101,508,432,4.7,8.3,3.5,0.8,2.5,17.0,411.3333333333333
393.0,383,392,408,407.0,420.0,210,320,60,62,52,58,34.0,105,532,448,4.8,8.2,3.5,0.6,2.7,17.3,400.5
443.0,424,418,436,408.0,431.0,237,396,60,62,53,73,35.0,107,528,434,4.7,8.3,3.5,0.9,2.4,18.11,426.6666666666667
396.0,383,394,406,407.0,419.0,225,375,60,62,51,57,34.0,109,517,495,4.8,8.0,3.5,0.7,2.7,17.75,400.8333333333333
436.0,425,407,432,406.0,422.0,223,390,60,61,52,71,34.0,108,523,431,4.7,8.5,3.5,0.7,2.5,17.69,421.3333333333333
393.0,391,389,400,406.0,415.0,193,336,60,61,51,57,34.0,109,512,443,4.8,8.2,3.5,0.6,2.6,16.79,399.0
423.0,414,416,403,405.0,406.0,171,288,60,61,51,71,34.0,104,501,436,4.5,8.4,3.6,0.6,2.5,16.13,411.1666666666667
374.0,386,346,335,361.0,360.0,167,263,60,60,58,63,33.0,103,537,430,5.2,8.2,3.0,0.6,2.6,16.01,360.3333333333333
427.0,420,408,432,405.0,420.0,232,413,60,61,52,72,34.0,102,517,433,4.5,8.3,3.5,0.9,2.4,17.96,418.6666666666667
368.0,344,329,376,329.0,376.0,272,385,60,60,58,63,33.0,102,553,426,5.2,7.9,3.1,0.8,5.6,19.16,353.6666666666667
368.0,379,334,338,355.0,347.0,179,237,60,60,57,62,33.0,104,459,423,5.2,8.2,3.2,0.5,5.6,16.37,353.5
391.0,391,381,399,398.0,408.0,181,379,60,61,51,57,33.0,107,502,444,4.9,8.0,3.5,0.5,2.8,16.43,394.6666666666667
372.0,380,337,332,352.0,344.0,179,241,60,60,57,62,33.0,103,456,420,5.2,8.2,3.3,0.5,5.6,16.37,352.8333333333333
391.0,392,384,399,397.0,413.0,189,364,60,61,52,57,33.0,106,506,443,4.8,8.0,3.6,0.6,2.7,16.67,396.0
368.0,381,339,329,368.0,358.0,208,280,60,60,58,63,33.0,102,534,423,5.1,8.0,3.0,0.7,5.6,17.24,357.1666666666667
397.0,397,396,406,405.0,194.0,425,420,60,61,52,68,33.0,104,525,448,4.8,8.1,3.5,0.6,2.7,23.75,365.8333333333333
364.0,374,335,322,352.0,344.0,188,255,60,60,58,62,32.0,102,517,418,5.2,8.0,3.9,0.4,5.6,16.64,348.5
394.0,397,386,401,394.0,408.0,177,370,60,61,51,57,33.0,105,512,449,4.8,8.0,3.5,0.5,2.8,16.31,396.6666666666667
376.0,389,344,333,368.0,360.0,176,347,60,60,58,63,33.0,102,465,425,5.1,8.0,3.1,0.6,5.6,16.28,361.6666666666667
408.0,398,399,407,414.0,427.0,216,387,60,62,52,58,33.0,104,515,453,4.7,8.0,3.5,0.6,2.7,17.48,408.8333333333333
364.0,382,338,317,358.0,355.0,182,326,60,60,58,63,33.0,107,761,424,5.1,7.9,3.0,0.7,5.5,16.46,352.3333333333333
408.0,389,407,414,408.0,425.0,251,404,60,61,52,58,33.0,110,507,448,4.7,7.8,3.5,0.7,2.7,18.53,408.5
386.0,415,342,342,396.0,419.0,255,452,60,60,59,65,33.0,107,559,414,5.0,7.8,2.7,1.2,5.5,18.65,383.3333333333333
388.0,363,402,410,406.0,422.0,273,479,60,62,54,61,33.0,110,533,419,4.6,8.0,3.5,1.3,2.6,19.19,398.5
364.0,381,337,327,377.0,366.0,230,375,60,60,58,63,32.0,107,533,422,5.1,8.1,2.6,0.7,2.3,17.9,358.6666666666667
397.0,375,398,407,414.0,425.0,229,365,60,61,51,57,32.0,110,524,440,4.7,8.0,2.5,0.6,2.6,17.87,402.6666666666667
364.0,401,332,382,400.0,330.0,252,407,60,60,58,63,33.0,108,473,424,5.1,7.9,3.0,0.8,5.5,18.56,368.1666666666667
399.0,372,406,413,408.0,420.0,297,403,60,61,53,59,33.0,110,515,438,4.7,8.0,3.5,0.8,2.5,19.91,403.0
366.0,372,316,327,380.0,377.0,207,373,60,60,58,62,33.0,108,458,442,5.1,8.0,3.0,0.9,5.5,17.21,356.3333333333333
394.0,388,392,406,408.0,422.0,227,370,60,61,51,57,33.0,111,506,443,4.7,8.0,3.5,0.6,2.6,17.81,401.6666666666667
352.0,377,330,317,366.0,361.0,211,383,60,60,58,63,32.0,103,529,411,5.1,8.1,3.0,1.0,5.3,17.33,350.5
397.0,382,397,406,403.0,415.0,209,364,60,61,51,56,32.0,106,525,441,4.6,8.1,3.6,0.7,2.6,17.27,400.0
409.0,389,414,391,413.0,419.0,435,710,60,62,52,59,32.0,99,551,405,4.5,7.9,3.5,1.6,2.5,24.05,405.8333333333333
369.0,405,323,320,372.0,394.0,252,414,60,60,58,63,31.0,101,469,417,5.1,7.5,2.6,0.9,5.5,18.56,363.8333333333333
400.0,373,400,406,410.0,413.0,248,420,60,52,59,31,30.0,104,504,433,4.6,7.9,3.5,0.9,2.5,18.44,400.3333333333333
417.0,382,406,409,423.0,406.0,425,677,60,63,54,61,34.0,104,531,401,4.4,7.8,3.5,1.7,2.5,23.75,407.1666666666667
363.0,336,326,322,381.0,385.0,247,404,60,60,58,63,32.0,104,539,415,5.1,7.5,3.1,0.8,5.5,18.41,352.1666666666667
396.0,366,394,389,406.0,414.0,252,408,60,61,53,59,32.0,107,528,421,4.5,8.2,3.6,0.8,2.5,18.56,394.1666666666667
400.0,414,341,341,341.0,392.0,500,620,60,60,58,64,32.0,105,560,392,4.9,7.7,2.6,1.7,5.5,26.0,371.5
376.0,409,329,324,371.0,407.0,285,444,60,61,59,64,36.0,105,476,416,5.0,8.0,2.6,1.1,5.5,19.55,369.3333333333333
389.0,401,337,332,380.0,399.0,354,537,60,60,56,63,31.0,104,489,368,5.0,8.0,2.4,1.4,5.5,21.62,373.0
390.0,399,337,332,382.0,405.0,345,533,60,60,57,63,31.0,104,557,399,5.0,8.0,2.5,1.4,5.5,21.35,374.1666666666667
407.0,377,397,394,411.0,411.0,386,600,60,62,52,59,32.0,109,542,309,4.4,8.0,3.5,1.6,2.5,22.58,399.5
411.0,363,392,386,405.0,427.0,366,584,60,62,52,58,32.0,109,517,406,4.5,8.2,3.5,1.4,2.5,21.98,397.3333333333333
403.0,366,391,389,413.0,425.0,384,586,60,62,53,59,32.0,109,524,394,4.4,8.1,3.5,1.7,2.5,22.52,397.8333333333333
416.0,364,389,389,407.0,416.0,366,562,60,62,52,59,33.0,107,546,405,4.3,8.0,3.5,1.7,2.4,21.98,396.8333333333333
410.0,372,392,397,414.0,418.0,408,616,60,62,52,58,35.0,106,545,396,4.3,7.9,3.5,1.7,2.4,23.24,400.5
413.0,363,384,389,402.0,416.0,350,548,60,62,51,57,34.0,107,511,400,4.3,8.0,3.5,1.4,2.4,21.5,394.5
409.0,380,384,394,410.0,415.0,373,566,60,62,52,58,39.0,106,515,393,4.3,8.1,3.5,1.7,2.4,22.19,398.6666666666667
383.0,406,331,340,372.0,396.0,544,393,60,60,58,63,38.0,107,545,393,5.0,7.8,2.6,1.3,5.5,27.32,371.3333333333333
386.0,403,329,342,381.0,393.0,359,648,60,59,57,63,31.0,106,546,393,5.1,7.8,2.4,1.4,5.5,21.77,372.3333333333333
396.0,406,337,349,386.0,398.0,387,602,60,60,59,64,32.0,104,448,392,5.0,8.0,2.6,1.6,5.5,22.61,378.6666666666667
402.0,410,340,352,391.0,405.0,400,637,60,61,58,64,31.0,108,507,396,5.0,7.7,2.7,1.6,5.5,23.0,383.3333333333333
397.0,360,377,397,399.0,416.0,303,480,60,61,50,56,31.0,118,531,410,4.3,8.1,3.5,1.2,2.4,20.09,391.0
427.0,416,407,431,408.0,422.0,190,295,60,62,50,69,32.0,115,545,441,4.4,8.1,3.5,0.6,2.4,16.7,418.5
393.0,381,371,391,393.0,393.0,193,306,60,61,49,55,30.0,115,495,434,4.2,7.6,3.5,0.6,2.3,16.79,387.0
402.0,369,386,389,411.0,410.0,355,546,60,62,50,56,35.0,109,512,402,4.0,7.7,3.5,1.4,2.3,21.65,394.5
405.0,369,375,397,406.0,409.0,336,520,60,62,49,55,32.0,115,536,406,4.0,8.0,3.5,1.3,2.2,21.08,393.5
407.0,365,375,397,409.0,406.0,346,531,60,61,49,55,36.0,115,540,402,3.9,7.9,3.6,1.3,2.2,21.38,393.1666666666667
424.0,416,399,433,406.0,411.0,201,321,60,62,50,67,31.0,113,533,436,4.3,8.6,3.6,0.7,2.3,17.03,414.8333333333333
392.0,385,373,373,394.0,392.0,193,307,60,62,49,54,30.0,114,498,435,3.8,7.9,3.6,0.5,2.1,16.79,384.8333333333333
440.0,443,428,494,419.0,486.0,406,668,60,62,54,72,37.0,110,561,411,4.1,7.0,3.4,1.8,2.0,23.18,451.6666666666667
407.0,396,383,402,390.0,389.0,195,263,60,61,49,68,32.0,111,485,415,4.0,8.4,3.5,0.6,2.2,16.85,394.5
392.0,394,374,397,391.0,402.0,210,415,60,62,51,56,31.0,108,507,436,3.8,8.2,3.5,0.6,2.1,17.3,391.6666666666667
409.0,403,392,418,401.0,393.0,245,359,60,61,51,70,32.0,106,524,415,4.0,8.1,3.5,0.8,2.1,18.35,402.6666666666667
376.0,371,307,328,389.0,403.0,250,289,60,59,59,63,30.0,105,517,517,5.2,8.0,3.2,0.8,5.5,18.5,362.3333333333333
409.0,401,391,419,400.0,399.0,240,353,60,61,51,70,32.0,106,524,415,4.0,8.0,3.6,0.8,2.1,18.2,403.1666666666667
375.0,375,307,329,382.0,402.0,235,378,60,59,58,63,30.0,105,518,516,5.2,8.1,3.2,0.8,5.5,18.05,361.6666666666667
